mode,batch,run_id,fixture,arm,run_index,warmup,threads,wall_seconds,cpu_seconds,cpu_wall_ratio,peak_workingset_bytes,gcode_bytes,sha256_of_gcode,completion_status,fatal_error_count,non_fatal_error_count,degraded,exit_code,timestamp_utc,type_counts_json
ordinary,benchy-ab-benchy-2,benchy-baseline-m1,benchy,baseline,1,0,12,78.1859,163.6094,2.0926,797089792,15002370,2863765b951bf2f23b15148cb16f0348017110742ba11ff3d39cc6b9eb096464,ok,0,0,False,0,2026-09-25T19:03:33.611Z,"{""Bottom surface"": 22, ""Bridge"": 18, ""Brim"": 1, ""Gap infill"": 110, ""Inner wall"": 257, ""Internal Bridge"": 12, ""Internal solid infill"": 13, ""Outer wall"": 240, ""Skirt"": 1, ""Sparse infill"": 273, ""Support"": 179, ""Support interface"": 4, ""Top surface"": 47}"
ordinary,benchy-ab-benchy-2,benchy-candidate-m1,benchy,candidate,1,0,12,69.8406,161.9062,2.3182,734367744,15003086,3997e6d2b9a983edda81c92e7e93758448ffa13ea828999a3ca402f864d4836a,ok,0,0,False,0,2026-09-25T19:04:43.942Z,"{""Bottom surface"": 22, ""Bridge"": 18, ""Brim"": 1, ""Gap infill"": 110, ""Inner wall"": 260, ""Internal Bridge"": 12, ""Internal solid infill"": 13, ""Outer wall"": 240, ""Skirt"": 1, ""Sparse infill"": 273, ""Support"": 179, ""Support interface"": 4, ""Top surface"": 47}"
ordinary,benchy-ab-benchy-2,benchy-candidate-m2,benchy,candidate,2,0,12,76.3176,160.7031,2.1057,804278272,15002442,73a26d35d7ef504a342b46da0709c74ea2a71541fb8b8a46ab0d8ffbc1b9b753,ok,0,0,False,0,2026-09-25T19:06:00.652Z,"{""Bottom surface"": 22, ""Bridge"": 18, ""Brim"": 1, ""Gap infill"": 110, ""Inner wall"": 257, ""Internal Bridge"": 12, ""Internal solid infill"": 13, ""Outer wall"": 240, ""Skirt"": 1, ""Sparse infill"": 273, ""Support"": 179, ""Support interface"": 4, ""Top surface"": 47}"
ordinary,benchy-ab-benchy-2,benchy-baseline-m2,benchy,baseline,2,0,12,86.8011,164.7656,1.8982,814063616,15002313,4487d5a8756492c933e4c12d035823a509d5cc01fab30a65545ebae35afd43a8,ok,0,0,False,0,2026-09-25T19:07:28.082Z,"{""Bottom surface"": 22, ""Bridge"": 18, ""Brim"": 1, ""Gap infill"": 110, ""Inner wall"": 255, ""Internal Bridge"": 12, ""Internal solid infill"": 13, ""Outer wall"": 240, ""Skirt"": 1, ""Sparse infill"": 273, ""Support"": 179, ""Support interface"": 4, ""Top surface"": 47}"
ordinary,benchy-ab-benchy-2,benchy-baseline-m3,benchy,baseline,3,0,12,82.0311,163.0625,1.9878,812855296,15002375,166e01e645adb0dbd88fbc28106c7f90900726edc887aa5246bba56dc4bdac49,ok,0,0,False,0,2026-09-25T19:08:50.694Z,"{""Bottom surface"": 22, ""Bridge"": 18, ""Brim"": 1, ""Gap infill"": 110, ""Inner wall"": 257, ""Internal Bridge"": 12, ""Internal solid infill"": 13, ""Outer wall"": 240, ""Skirt"": 1, ""Sparse infill"": 273, ""Support"": 179, ""Support interface"": 4, ""Top surface"": 47}"
ordinary,benchy-ab-benchy-2,benchy-candidate-m3,benchy,candidate,3,0,12,75.9226,162.3281,2.1381,809144320,15002068,c0feb9af1108bddeef438b1d0e62b7b2aeffc27f011e5ef20c40cc3b2d162cd0,ok,0,0,False,0,2026-09-25T19:10:06.812Z,"{""Bottom surface"": 22, ""Bridge"": 18, ""Brim"": 1, ""Gap infill"": 110, ""Inner wall"": 255, ""Internal Bridge"": 12, ""Internal solid infill"": 13, ""Outer wall"": 240, ""Skirt"": 1, ""Sparse infill"": 273, ""Support"": 179, ""Support interface"": 4, ""Top surface"": 47}"
ordinary,benchy-ab-benchy-2,benchy-candidate-m4,benchy,candidate,4,0,12,72.7086,163.3281,2.2463,808046592,15002402,d1c955e2efd438efffccf54da925c038b4cc6a01f3f87eeb5266b9d5612cd2d8,ok,0,0,False,0,2026-09-25T19:11:19.933Z,"{""Bottom surface"": 22, ""Bridge"": 18, ""Brim"": 1, ""Gap infill"": 110, ""Inner wall"": 256, ""Internal Bridge"": 12, ""Internal solid infill"": 13, ""Outer wall"": 240, ""Skirt"": 1, ""Sparse infill"": 273, ""Support"": 179, ""Support interface"": 4, ""Top surface"": 47}"
ordinary,benchy-ab-benchy-2,benchy-baseline-m4,benchy,baseline,4,0,12,78.1917,165.0469,2.1108,806879232,15001918,42e8898f2d0f53f363492f0f1d7de8c5d44e0b525e7e3391e3f912570260b518,ok,0,0,False,0,2026-09-25T19:12:38.641Z,"{""Bottom surface"": 22, ""Bridge"": 18, ""Brim"": 1, ""Gap infill"": 110, ""Inner wall"": 254, ""Internal Bridge"": 12, ""Internal solid infill"": 13, ""Outer wall"": 240, ""Skirt"": 1, ""Sparse infill"": 273, ""Support"": 179, ""Support interface"": 4, ""Top surface"": 47}"
ordinary,benchy-ab-benchy-2,benchy-baseline-m5,benchy,baseline,5,0,12,81.0763,163.9844,2.0226,815296512,15001839,91f6fae9860dbc8179660d6fa06d7c5ed3354b5914741837c4a3f8a0b31e35a7,ok,0,0,False,0,2026-09-25T19:14:00.260Z,"{""Bottom surface"": 22, ""Bridge"": 18, ""Brim"": 1, ""Gap infill"": 110, ""Inner wall"": 254, ""Internal Bridge"": 12, ""Internal solid infill"": 13, ""Outer wall"": 240, ""Skirt"": 1, ""Sparse infill"": 273, ""Support"": 179, ""Support interface"": 4, ""Top surface"": 47}"
ordinary,benchy-ab-benchy-2,benchy-candidate-m5,benchy,candidate,5,0,12,74.6155,161.6562,2.1665,812417024,15002533,3ca1d61d6ca7bd0905929807c4861622cfe2435c776d52df8b26b1e3f5d3318d,ok,0,0,False,0,2026-09-25T19:15:15.508Z,"{""Bottom surface"": 22, ""Bridge"": 18, ""Brim"": 1, ""Gap infill"": 110, ""Inner wall"": 257, ""Internal Bridge"": 12, ""Internal solid infill"": 13, ""Outer wall"": 240, ""Skirt"": 1, ""Sparse infill"": 273, ""Support"": 179, ""Support interface"": 4, ""Top surface"": 47}"
ordinary,benchy-ab-benchy-2,benchy-candidate-m6,benchy,candidate,6,0,12,72.0788,162.0312,2.248,805359616,15002838,f5a210d81fb31bfe12bb1f9d9c938c4d1fcc83c3733f5326f5ab54f1a104298b,ok,0,0,False,0,2026-09-25T19:16:28.248Z,"{""Bottom surface"": 22, ""Bridge"": 18, ""Brim"": 1, ""Gap infill"": 110, ""Inner wall"": 259, ""Internal Bridge"": 12, ""Internal solid infill"": 13, ""Outer wall"": 240, ""Skirt"": 1, ""Sparse infill"": 273, ""Support"": 179, ""Support interface"": 4, ""Top surface"": 47}"
ordinary,benchy-ab-benchy-2,benchy-baseline-m6,benchy,baseline,6,0,12,78.8219,163.625,2.0759,806060032,15002240,e34ab00927f33e05f032c6d11d24cc33a045f02299b4b0d8488a39479f17ba7f,ok,0,0,False,0,2026-09-25T19:17:47.738Z,"{""Bottom surface"": 22, ""Bridge"": 18, ""Brim"": 1, ""Gap infill"": 110, ""Inner wall"": 256, ""Internal Bridge"": 12, ""Internal solid infill"": 13, ""Outer wall"": 240, ""Skirt"": 1, ""Sparse infill"": 273, ""Support"": 179, ""Support interface"": 4, ""Top surface"": 47}"
ordinary,benchy-ab-benchy-2,benchy-baseline-m7,benchy,baseline,7,0,12,82.3663,164.0312,1.9915,767053824,15001974,5c8a22451e4d18571da91bf1ea051145e6992cebcc381d6ab0e1aba04e89d6c4,ok,0,0,False,0,2026-09-25T19:19:10.351Z,"{""Bottom surface"": 22, ""Bridge"": 18, ""Brim"": 1, ""Gap infill"": 110, ""Inner wall"": 255, ""Internal Bridge"": 12, ""Internal solid infill"": 13, ""Outer wall"": 240, ""Skirt"": 1, ""Sparse infill"": 273, ""Support"": 179, ""Support interface"": 4, ""Top surface"": 47}"
ordinary,benchy-ab-benchy-2,benchy-candidate-m7,benchy,candidate,7,0,12,75.2319,163.1406,2.1685,813105152,15002198,b28ce2eda643a6bbdb12f1af6fbbc79480eb7234ce5e88c651f6dda443f40be8,ok,0,0,False,0,2026-09-25T19:20:25.794Z,"{""Bottom surface"": 22, ""Bridge"": 18, ""Brim"": 1, ""Gap infill"": 110, ""Inner wall"": 256, ""Internal Bridge"": 12, ""Internal solid infill"": 13, ""Outer wall"": 240, ""Skirt"": 1, ""Sparse infill"": 273, ""Support"": 179, ""Support interface"": 4, ""Top surface"": 47}"
ordinary,benchy-ab-benchy-2,benchy-candidate-m8,benchy,candidate,8,0,12,77.9964,162.2969,2.0808,800915456,15002337,07fb41560452470434500a082cf837ece64075849b50830464ad688a70fa099e,ok,0,0,False,0,2026-09-25T19:21:44.098Z,"{""Bottom surface"": 22, ""Bridge"": 18, ""Brim"": 1, ""Gap infill"": 110, ""Inner wall"": 257, ""Internal Bridge"": 12, ""Internal solid infill"": 13, ""Outer wall"": 240, ""Skirt"": 1, ""Sparse infill"": 273, ""Support"": 179, ""Support interface"": 4, ""Top surface"": 47}"
ordinary,benchy-ab-benchy-2,benchy-baseline-m8,benchy,baseline,8,0,12,69.897,162.8906,2.3304,789884928,15002422,d82183492da934c6eaa9088626211ba2dd2e602deb38bac57e9946990f20f87f,ok,0,0,False,0,2026-09-25T19:22:54.167Z,"{""Bottom surface"": 22, ""Bridge"": 18, ""Brim"": 1, ""Gap infill"": 110, ""Inner wall"": 258, ""Internal Bridge"": 12, ""Internal solid infill"": 13, ""Outer wall"": 240, ""Skirt"": 1, ""Sparse infill"": 273, ""Support"": 179, ""Support interface"": 4, ""Top surface"": 47}"
ordinary,benchy-ab-benchy-2,benchy-baseline-m9,benchy,baseline,9,0,12,81.7066,167.125,2.0454,794148864,15001823,2d8b234a256002dc1940384656468a9f98deec6c65e97594692a31c04ca2b32d,ok,0,0,False,0,2026-09-25T19:24:16.012Z,"{""Bottom surface"": 22, ""Bridge"": 18, ""Brim"": 1, ""Gap infill"": 110, ""Inner wall"": 253, ""Internal Bridge"": 12, ""Internal solid infill"": 13, ""Outer wall"": 240, ""Skirt"": 1, ""Sparse infill"": 273, ""Support"": 179, ""Support interface"": 4, ""Top surface"": 47}"
ordinary,benchy-ab-benchy-2,benchy-candidate-m9,benchy,candidate,9,0,12,81.3842,162.9844,2.0027,741330944,15002189,c163e311ec2599313ba93d8d262edce365e298c287a911abca37e3fe87b1ad66,ok,0,0,False,0,2026-09-25T19:25:37.614Z,"{""Bottom surface"": 22, ""Bridge"": 18, ""Brim"": 1, ""Gap infill"": 110, ""Inner wall"": 255, ""Internal Bridge"": 12, ""Internal solid infill"": 13, ""Outer wall"": 240, ""Skirt"": 1, ""Sparse infill"": 273, ""Support"": 179, ""Support interface"": 4, ""Top surface"": 47}"
ordinary,benchy-ab-benchy-2,benchy-candidate-m10,benchy,candidate,10,0,12,80.551,161.75,2.008,816959488,15002662,b6eb72c425e7a3fc93a08227149e593a1f92f23b3804281ba93f049953ae0ba6,ok,0,0,False,0,2026-09-25T19:26:58.527Z,"{""Bottom surface"": 22, ""Bridge"": 18, ""Brim"": 1, ""Gap infill"": 110, ""Inner wall"": 258, ""Internal Bridge"": 12, ""Internal solid infill"": 13, ""Outer wall"": 240, ""Skirt"": 1, ""Sparse infill"": 273, ""Support"": 179, ""Support interface"": 4, ""Top surface"": 47}"
ordinary,benchy-ab-benchy-2,benchy-baseline-m10,benchy,baseline,10,0,12,69.2913,164.5,2.374,814542848,15002359,860d6d1a53c3933e8882a7bf8323ed3db21d5ea223f123b4678d4b4b9822537f,ok,0,0,False,0,2026-09-25T19:28:08.139Z,"{""Bottom surface"": 22, ""Bridge"": 18, ""Brim"": 1, ""Gap infill"": 110, ""Inner wall"": 256, ""Internal Bridge"": 12, ""Internal solid infill"": 13, ""Outer wall"": 240, ""Skirt"": 1, ""Sparse infill"": 273, ""Support"": 179, ""Support interface"": 4, ""Top surface"": 47}"
accelerated,benchy-accelerated-ab-acc-benchy-1,benchy-baseline-m1,benchy,baseline,1,0,12,33.5281,142.8594,4.2609,818819072,15002225,cc0a90cd4460b585c1db9fcdefc3b7f9937a1d5d6687822bbc100a1d6ccb4251,ok,0,0,False,0,2026-09-25T22:12:55.748Z,"{""Bottom surface"": 22, ""Bridge"": 18, ""Brim"": 1, ""Gap infill"": 110, ""Inner wall"": 255, ""Internal Bridge"": 12, ""Internal solid infill"": 13, ""Outer wall"": 240, ""Skirt"": 1, ""Sparse infill"": 273, ""Support"": 179, ""Support interface"": 4, ""Top surface"": 47}"
accelerated,benchy-accelerated-ab-acc-benchy-1,benchy-candidate-m1,benchy,candidate,1,0,12,33.0718,141.6719,4.2838,743403520,15002530,81334258b3c991652537c1e6ae49097781024d215bba9499b80ec1707db6fff8,ok,0,0,False,0,2026-09-25T22:13:28.867Z,"{""Bottom surface"": 22, ""Bridge"": 18, ""Brim"": 1, ""Gap infill"": 110, ""Inner wall"": 257, ""Internal Bridge"": 12, ""Internal solid infill"": 13, ""Outer wall"": 240, ""Skirt"": 1, ""Sparse infill"": 273, ""Support"": 179, ""Support interface"": 4, ""Top surface"": 47}"
accelerated,benchy-accelerated-ab-acc-benchy-1,benchy-candidate-m2,benchy,candidate,2,0,12,31.0545,139.8281,4.5027,816267264,15002282,2fd94adecde0521dd12d7009933fa448e8fc9953446d4101c04c8d0563874a81,ok,0,0,False,0,2026-09-25T22:14:00.068Z,"{""Bottom surface"": 22, ""Bridge"": 18, ""Brim"": 1, ""Gap infill"": 110, ""Inner wall"": 257, ""Internal Bridge"": 12, ""Internal solid infill"": 13, ""Outer wall"": 240, ""Skirt"": 1, ""Sparse infill"": 273, ""Support"": 179, ""Support interface"": 4, ""Top surface"": 47}"
accelerated,benchy-accelerated-ab-acc-benchy-1,benchy-baseline-m2,benchy,baseline,2,0,12,33.4611,143.2031,4.2797,813678592,15001571,05510d324e7bd0ddec68e91411e39ec285f79caa2f6127efcb18e40d76e32a1a,ok,0,0,False,0,2026-09-25T22:14:33.590Z,"{""Bottom surface"": 22, ""Bridge"": 18, ""Brim"": 1, ""Gap infill"": 110, ""Inner wall"": 252, ""Internal Bridge"": 12, ""Internal solid infill"": 13, ""Outer wall"": 240, ""Skirt"": 1, ""Sparse infill"": 273, ""Support"": 179, ""Support interface"": 4, ""Top surface"": 47}"
accelerated,benchy-accelerated-ab-acc-benchy-1,benchy-baseline-m3,benchy,baseline,3,0,12,32.8749,139.0938,4.231,807030784,15002537,ed199b076f748d286bff047bc2cd959446d674723878d31762c9b140156d8e57,ok,0,0,False,0,2026-09-25T22:15:06.512Z,"{""Bottom surface"": 22, ""Bridge"": 18, ""Brim"": 1, ""Gap infill"": 110, ""Inner wall"": 257, ""Internal Bridge"": 12, ""Internal solid infill"": 13, ""Outer wall"": 240, ""Skirt"": 1, ""Sparse infill"": 273, ""Support"": 179, ""Support interface"": 4, ""Top surface"": 47}"
accelerated,benchy-accelerated-ab-acc-benchy-1,benchy-candidate-m3,benchy,candidate,3,0,12,30.3647,136.6719,4.501,815345664,15002848,96e000e933ee5b5a58abe2cde020d0e6ceae2faa0ef87538b1f4e0d97785659e,ok,0,0,False,0,2026-09-25T22:15:36.995Z,"{""Bottom surface"": 22, ""Bridge"": 18, ""Brim"": 1, ""Gap infill"": 110, ""Inner wall"": 260, ""Internal Bridge"": 12, ""Internal solid infill"": 13, ""Outer wall"": 240, ""Skirt"": 1, ""Sparse infill"": 273, ""Support"": 179, ""Support interface"": 4, ""Top surface"": 47}"
accelerated,benchy-accelerated-ab-acc-benchy-1,benchy-candidate-m4,benchy,candidate,4,0,12,30.9716,136.5625,4.4093,815054848,15002159,8a546a960f19a41bfb8f7d10f66738de678418b55a23c94760c7494ef20c0df6,ok,0,0,False,0,2026-09-25T22:16:08.086Z,"{""Bottom surface"": 22, ""Bridge"": 18, ""Brim"": 1, ""Gap infill"": 110, ""Inner wall"": 256, ""Internal Bridge"": 12, ""Internal solid infill"": 13, ""Outer wall"": 240, ""Skirt"": 1, ""Sparse infill"": 273, ""Support"": 179, ""Support interface"": 4, ""Top surface"": 47}"
accelerated,benchy-accelerated-ab-acc-benchy-1,benchy-baseline-m4,benchy,baseline,4,0,12,33.485,141.4688,4.2248,804499456,15002367,e18ad7d381e90235b3f320cc2084fcf80aeea7f24d6eef27e3a0e60838c22b7e,ok,0,0,False,0,2026-09-25T22:16:41.619Z,"{""Bottom surface"": 22, ""Bridge"": 18, ""Brim"": 1, ""Gap infill"": 110, ""Inner wall"": 257, ""Internal Bridge"": 12, ""Internal solid infill"": 13, ""Outer wall"": 240, ""Skirt"": 1, ""Sparse infill"": 273, ""Support"": 179, ""Support interface"": 4, ""Top surface"": 47}"
accelerated,benchy-accelerated-ab-acc-benchy-1,benchy-baseline-m5,benchy,baseline,5,0,12,37.3761,142.75,3.8193,808538112,15002346,121244d4a28a4ba23adfac0690265dc6ce7ca7747dabb64f6e0699788b024a54,ok,0,0,False,0,2026-09-25T22:17:19.041Z,"{""Bottom surface"": 22, ""Bridge"": 18, ""Brim"": 1, ""Gap infill"": 110, ""Inner wall"": 256, ""Internal Bridge"": 12, ""Internal solid infill"": 13, ""Outer wall"": 240, ""Skirt"": 1, ""Sparse infill"": 273, ""Support"": 179, ""Support interface"": 4, ""Top surface"": 47}"
accelerated,benchy-accelerated-ab-acc-benchy-1,benchy-candidate-m5,benchy,candidate,5,0,12,34.4594,141.7188,4.1126,806567936,15001914,0a348b962875ecf1da11d763c5f8be4b73f114c39443cf90d2e9fa79ae1917ce,ok,0,0,False,0,2026-09-25T22:17:53.623Z,"{""Bottom surface"": 22, ""Bridge"": 18, ""Brim"": 1, ""Gap infill"": 110, ""Inner wall"": 254, ""Internal Bridge"": 12, ""Internal solid infill"": 13, ""Outer wall"": 240, ""Skirt"": 1, ""Sparse infill"": 273, ""Support"": 179, ""Support interface"": 4, ""Top surface"": 47}"
accelerated,benchy-accelerated-ab-acc-benchy-1,benchy-candidate-m6,benchy,candidate,6,0,12,31.2316,139.2344,4.4581,810643456,15002248,6d862fb96f3a3877bda00a3e680c48579d09dc0fb15d07da6bbc08fb25878cc2,ok,0,0,False,0,2026-09-25T22:18:24.910Z,"{""Bottom surface"": 22, ""Bridge"": 18, ""Brim"": 1, ""Gap infill"": 110, ""Inner wall"": 256, ""Internal Bridge"": 12, ""Internal solid infill"": 13, ""Outer wall"": 240, ""Skirt"": 1, ""Sparse infill"": 273, ""Support"": 179, ""Support interface"": 4, ""Top surface"": 47}"
accelerated,benchy-accelerated-ab-acc-benchy-1,benchy-baseline-m6,benchy,baseline,6,0,12,32.3554,141.1094,4.3612,813666304,15002708,f305e387390fff8ccfbe4e5f3c70daadb53082aa0de06245a56049df4b08f040,ok,0,0,False,0,2026-09-25T22:18:57.391Z,"{""Bottom surface"": 22, ""Bridge"": 18, ""Brim"": 1, ""Gap infill"": 110, ""Inner wall"": 259, ""Internal Bridge"": 12, ""Internal solid infill"": 13, ""Outer wall"": 240, ""Skirt"": 1, ""Sparse infill"": 273, ""Support"": 179, ""Support interface"": 4, ""Top surface"": 47}"
accelerated,benchy-accelerated-ab-acc-benchy-1,benchy-baseline-m7,benchy,baseline,7,0,12,33.3282,139.9844,4.2002,812204032,15002819,fefbd1023e2ceaca62b2eddc66b7045e6f16151e8addea77c9372dbcef45420a,ok,0,0,False,0,2026-09-25T22:19:30.779Z,"{""Bottom surface"": 22, ""Bridge"": 18, ""Brim"": 1, ""Gap infill"": 110, ""Inner wall"": 258, ""Internal Bridge"": 12, ""Internal solid infill"": 13, ""Outer wall"": 240, ""Skirt"": 1, ""Sparse infill"": 273, ""Support"": 179, ""Support interface"": 4, ""Top surface"": 47}"
accelerated,benchy-accelerated-ab-acc-benchy-1,benchy-candidate-m7,benchy,candidate,7,0,12,35.2882,139.1406,3.943,805928960,15002622,cedfe6d89d6d303b34ddad373e857cd157e3c8a0aef97cfad89a06825011907c,ok,0,0,False,0,2026-09-25T22:20:06.192Z,"{""Bottom surface"": 22, ""Bridge"": 18, ""Brim"": 1, ""Gap infill"": 110, ""Inner wall"": 258, ""Internal Bridge"": 12, ""Internal solid infill"": 13, ""Outer wall"": 240, ""Skirt"": 1, ""Sparse infill"": 273, ""Support"": 179, ""Support interface"": 4, ""Top surface"": 47}"
accelerated,benchy-accelerated-ab-acc-benchy-1,benchy-candidate-m8,benchy,candidate,8,0,12,34.5651,139.2031,4.0273,821383168,15001852,1d705c7dc9aa8d743875623022deacddcd8794943ae296dca29ca41a51dcd592,ok,0,0,False,0,2026-09-25T22:20:40.843Z,"{""Bottom surface"": 22, ""Bridge"": 18, ""Brim"": 1, ""Gap infill"": 110, ""Inner wall"": 254, ""Internal Bridge"": 12, ""Internal solid infill"": 13, ""Outer wall"": 240, ""Skirt"": 1, ""Sparse infill"": 273, ""Support"": 179, ""Support interface"": 4, ""Top surface"": 47}"
accelerated,benchy-accelerated-ab-acc-benchy-1,benchy-baseline-m8,benchy,baseline,8,0,12,33.8592,140.4688,4.1486,810631168,15002027,f02e8905ffb43b66acaf90be0a559fec0d0d6a7dc0ebbfd02f7e9e0234e33101,ok,0,0,False,0,2026-09-25T22:21:14.819Z,"{""Bottom surface"": 22, ""Bridge"": 18, ""Brim"": 1, ""Gap infill"": 110, ""Inner wall"": 255, ""Internal Bridge"": 12, ""Internal solid infill"": 13, ""Outer wall"": 240, ""Skirt"": 1, ""Sparse infill"": 273, ""Support"": 179, ""Support interface"": 4, ""Top surface"": 47}"
accelerated,benchy-accelerated-ab-acc-benchy-1,benchy-baseline-m9,benchy,baseline,9,0,12,33.189,140.7656,4.2413,810713088,15002122,051ede934f686b28371a4d18653ec899c69e85770fdaef1f0ee2aee84ac686e8,ok,0,0,False,0,2026-09-25T22:21:48.112Z,"{""Bottom surface"": 22, ""Bridge"": 18, ""Brim"": 1, ""Gap infill"": 110, ""Inner wall"": 254, ""Internal Bridge"": 12, ""Internal solid infill"": 13, ""Outer wall"": 240, ""Skirt"": 1, ""Sparse infill"": 273, ""Support"": 179, ""Support interface"": 4, ""Top surface"": 47}"
accelerated,benchy-accelerated-ab-acc-benchy-1,benchy-candidate-m9,benchy,candidate,9,0,12,32.7191,139.9219,4.2765,814063616,15002416,560b5fb978450c5ebd824cc25138586e0cbbedba1960159d16b5409219474a53,ok,0,0,False,0,2026-09-25T22:22:20.866Z,"{""Bottom surface"": 22, ""Bridge"": 18, ""Brim"": 1, ""Gap infill"": 110, ""Inner wall"": 257, ""Internal Bridge"": 12, ""Internal solid infill"": 13, ""Outer wall"": 240, ""Skirt"": 1, ""Sparse infill"": 273, ""Support"": 179, ""Support interface"": 4, ""Top surface"": 47}"
accelerated,benchy-accelerated-ab-acc-benchy-1,benchy-candidate-m10,benchy,candidate,10,0,12,31.0473,139.5469,4.4947,810684416,15002164,839b975388411357394856e1f63db2ec1df2a83ff9f1691158ebdd8bff7c70af,ok,0,0,False,0,2026-09-25T22:22:51.950Z,"{""Bottom surface"": 22, ""Bridge"": 18, ""Brim"": 1, ""Gap infill"": 110, ""Inner wall"": 256, ""Internal Bridge"": 12, ""Internal solid infill"": 13, ""Outer wall"": 240, ""Skirt"": 1, ""Sparse infill"": 273, ""Support"": 179, ""Support interface"": 4, ""Top surface"": 47}"
accelerated,benchy-accelerated-ab-acc-benchy-1,benchy-baseline-m10,benchy,baseline,10,0,12,34.4461,141.25,4.1006,813023232,15002950,534595d66e7cffb6d7de5e49be51f06b688b952f139cd8b9924bc40a3963a9e0,ok,0,0,False,0,2026-09-25T22:23:26.539Z,"{""Bottom surface"": 22, ""Bridge"": 18, ""Brim"": 1, ""Gap infill"": 110, ""Inner wall"": 262, ""Internal Bridge"": 12, ""Internal solid infill"": 13, ""Outer wall"": 240, ""Skirt"": 1, ""Sparse infill"": 273, ""Support"": 179, ""Support interface"": 4, ""Top surface"": 47}"
ordinary,base-ab-base-1,base-baseline-m1,base,baseline,1,0,12,529.6806,2461.9688,4.648,8006635520,54478515,75f313d81392c9624cb483f77f07ca155ab9d0a8ed84c3034266d322d8849971,ok,0,0,False,0,2026-09-25T19:55:54.305Z,"{""Bottom surface"": 49, ""Bridge"": 51, ""Brim"": 1, ""Gap infill"": 245, ""Inner wall"": 525, ""Internal Bridge"": 6, ""Internal solid infill"": 3, ""Outer wall"": 495, ""Skirt"": 1, ""Sparse infill"": 670, ""Support"": 431, ""Support interface"": 70, ""Top surface"": 58}"
ordinary,base-ab-base-1,base-candidate-m1,base,candidate,1,0,12,490.7392,2432.8281,4.9575,8005283840,54478179,2f4999a8e8a97c409cdc46ae713a944fc88223bd014e72877c932147047d23c0,ok,0,0,False,0,2026-09-25T20:04:05.152Z,"{""Bottom surface"": 49, ""Bridge"": 51, ""Brim"": 1, ""Gap infill"": 245, ""Inner wall"": 524, ""Internal Bridge"": 6, ""Internal solid infill"": 3, ""Outer wall"": 495, ""Skirt"": 1, ""Sparse infill"": 670, ""Support"": 431, ""Support interface"": 70, ""Top surface"": 58}"
ordinary,base-ab-base-1,base-candidate-m2,base,candidate,2,0,12,494.0448,2425.125,4.9087,8002363392,54478256,559966dded5ea2b70610042cf29398079963daa92f637ac75a6c2c14fd1c0f99,ok,0,0,False,0,2026-09-25T20:12:19.318Z,"{""Bottom surface"": 49, ""Bridge"": 51, ""Brim"": 1, ""Gap infill"": 245, ""Inner wall"": 524, ""Internal Bridge"": 6, ""Internal solid infill"": 3, ""Outer wall"": 495, ""Skirt"": 1, ""Sparse infill"": 670, ""Support"": 431, ""Support interface"": 70, ""Top surface"": 58}"
ordinary,base-ab-base-1,base-baseline-m2,base,baseline,2,0,12,533.0018,2457.7344,4.6111,7999377408,54478327,18f8ae395fd7b85a1b56ad7233758f896cb308a4fb63d42d56dabbca94c87f2e,ok,0,0,False,0,2026-09-25T20:21:12.426Z,"{""Bottom surface"": 49, ""Bridge"": 51, ""Brim"": 1, ""Gap infill"": 245, ""Inner wall"": 525, ""Internal Bridge"": 6, ""Internal solid infill"": 3, ""Outer wall"": 495, ""Skirt"": 1, ""Sparse infill"": 670, ""Support"": 431, ""Support interface"": 70, ""Top surface"": 58}"
ordinary,base-ordinary-ab-base-2,base-baseline-m1,base,baseline,1,0,12,761.506,2470.9219,3.2448,8002740224,54478485,a56f7ede0fd9c95601852e0479f640fa20b7be2ade6fc4c24ddce6bda3d9cd07,ok,0,0,False,0,2026-09-25T22:55:59.408Z,"{""Bottom surface"": 49, ""Bridge"": 51, ""Brim"": 1, ""Gap infill"": 245, ""Inner wall"": 526, ""Internal Bridge"": 6, ""Internal solid infill"": 3, ""Outer wall"": 495, ""Skirt"": 1, ""Sparse infill"": 670, ""Support"": 431, ""Support interface"": 70, ""Top surface"": 58}"
ordinary,base-ordinary-ab-base-2,base-candidate-m1,base,candidate,1,0,12,602.4556,2432.8281,4.0382,7996248064,54478297,00578e9a6d44e735e89d8e810b8c112a641ad1bec876eb00de14b28c21e97e43,ok,0,0,False,0,2026-09-25T23:06:02.021Z,"{""Bottom surface"": 49, ""Bridge"": 51, ""Brim"": 1, ""Gap infill"": 245, ""Inner wall"": 526, ""Internal Bridge"": 6, ""Internal solid infill"": 3, ""Outer wall"": 495, ""Skirt"": 1, ""Sparse infill"": 670, ""Support"": 431, ""Support interface"": 70, ""Top surface"": 58}"
ordinary,base-ordinary-ab-base-3,base-candidate-m1,base,candidate,1,0,12,605.3986,2412.8438,3.9855,8001150976,54478389,44a13659bf5781d9c0f2ba00470ba516989952374ce5356ae2fe1931aa50789b,ok,0,0,False,0,2026-09-26T00:29:18.862Z,"{""Bottom surface"": 49, ""Bridge"": 51, ""Brim"": 1, ""Gap infill"": 245, ""Inner wall"": 526, ""Internal Bridge"": 6, ""Internal solid infill"": 3, ""Outer wall"": 495, ""Skirt"": 1, ""Sparse infill"": 670, ""Support"": 431, ""Support interface"": 70, ""Top surface"": 58}"
ordinary,base-ordinary-ab-base-3,base-baseline-m1,base,baseline,1,0,12,644.0223,2479.3281,3.8498,8004161536,54478850,3f2bef7058f21bc5f6c490e0cbedaf60dc8b99394abc7b2461b4ccb5cb1a6007,ok,0,0,False,0,2026-09-26T00:40:03.140Z,"{""Bottom surface"": 49, ""Bridge"": 51, ""Brim"": 1, ""Gap infill"": 245, ""Inner wall"": 528, ""Internal Bridge"": 6, ""Internal solid infill"": 3, ""Outer wall"": 495, ""Skirt"": 1, ""Sparse infill"": 670, ""Support"": 431, ""Support interface"": 70, ""Top surface"": 58}"
accelerated,base-accelerated-ab-acc-base-1,base-baseline-m1,base,baseline,1,0,12,479.2626,2039.3594,4.2552,7999598592,54478728,c5501f71adab3c41cd01c9aee464381653ef6785236ea486b0992ed483c246e1,ok,0,0,False,0,2026-09-26T00:48:09.355Z,"{""Bottom surface"": 49, ""Bridge"": 51, ""Brim"": 1, ""Gap infill"": 245, ""Inner wall"": 526, ""Internal Bridge"": 6, ""Internal solid infill"": 3, ""Outer wall"": 495, ""Skirt"": 1, ""Sparse infill"": 670, ""Support"": 431, ""Support interface"": 70, ""Top surface"": 58}"
accelerated,base-accelerated-ab-acc-base-1,base-candidate-m1,base,candidate,1,0,12,425.812,1987.6406,4.6679,8005152768,54478689,6b978adbb161d2c0d486922c4cca93c5343bd438d857943089b54a957392ede9,ok,0,0,False,0,2026-09-26T00:55:15.354Z,"{""Bottom surface"": 49, ""Bridge"": 51, ""Brim"": 1, ""Gap infill"": 245, ""Inner wall"": 526, ""Internal Bridge"": 6, ""Internal solid infill"": 3, ""Outer wall"": 495, ""Skirt"": 1, ""Sparse infill"": 670, ""Support"": 431, ""Support interface"": 70, ""Top surface"": 58}"
accelerated,base-accelerated-ab-acc-base-2,base-candidate-m1,base,candidate,1,0,12,426.9409,1984.0312,4.6471,8005791744,54478597,d0afc789909c4f329d8864c0c264b68ad7d8b0c144704d7d68d94d453e2ebf0d,ok,0,0,False,0,2026-09-26T01:02:26.561Z,"{""Bottom surface"": 49, ""Bridge"": 51, ""Brim"": 1, ""Gap infill"": 245, ""Inner wall"": 525, ""Internal Bridge"": 6, ""Internal solid infill"": 3, ""Outer wall"": 495, ""Skirt"": 1, ""Sparse infill"": 670, ""Support"": 431, ""Support interface"": 70, ""Top surface"": 58}"
accelerated,base-accelerated-ab-acc-base-2,base-baseline-m1,base,baseline,1,0,12,457.0808,2022.4219,4.4246,8003690496,54478892,d60ee1c884e0e94dbc6897e048115294ca3968fc61c71f9dda06c44de07a762d,ok,0,0,False,0,2026-09-26T01:10:03.786Z,"{""Bottom surface"": 49, ""Bridge"": 51, ""Brim"": 1, ""Gap infill"": 245, ""Inner wall"": 528, ""Internal Bridge"": 6, ""Internal solid infill"": 3, ""Outer wall"": 495, ""Skirt"": 1, ""Sparse infill"": 670, ""Support"": 431, ""Support interface"": 70, ""Top surface"": 58}"
accelerated,base-accelerated-ab-acc-base-3,base-baseline-m1,base,baseline,1,0,12,460.4786,2026.4844,4.4008,8006029312,54478175,4482ef53c0af91382326a5a2424a73695ff7e496bd6789faca7f6610c65ad9c3,ok,0,0,False,0,2026-09-26T01:17:53.301Z,"{""Bottom surface"": 49, ""Bridge"": 51, ""Brim"": 1, ""Gap infill"": 245, ""Inner wall"": 524, ""Internal Bridge"": 6, ""Internal solid infill"": 3, ""Outer wall"": 495, ""Skirt"": 1, ""Sparse infill"": 670, ""Support"": 431, ""Support interface"": 70, ""Top surface"": 58}"
accelerated,base-accelerated-ab-acc-base-3,base-candidate-m1,base,candidate,1,0,12,427.3457,1993.8438,4.6656,8006983680,54478759,fb4c26cfe8714a5f46c043904f4700bb2d0610a39e27196d415f16d3305c4f5e,ok,0,0,False,0,2026-09-26T01:25:00.800Z,"{""Bottom surface"": 49, ""Bridge"": 51, ""Brim"": 1, ""Gap infill"": 245, ""Inner wall"": 527, ""Internal Bridge"": 6, ""Internal solid infill"": 3, ""Outer wall"": 495, ""Skirt"": 1, ""Sparse infill"": 670, ""Support"": 431, ""Support interface"": 70, ""Top surface"": 58}"
