generator,layer,sparse_raw_in_mm,sparse_kept_mm,sparse_out_paths,solid_kept_mm,solid_out_paths,printed_sparse_mm,printed_sparse_segments
classic,0,0.0,0.0,0,527.763,25,0.0,0
classic,1,2557.842,12.215,4,0.401,1,15.149,25
classic,2,1279.609,62.108,6,3.554,2,119.519,237
classic,3,1158.119,224.026,4,0.0,0,246.018,361
classic,4,1091.522,216.846,3,0.0,0,244.176,313
classic,5,1065.753,215.436,5,0.0,0,236.812,244
classic,6,1122.781,221.65,5,0.0,0,250.537,256
classic,7,1166.776,234.653,3,0.0,0,269.446,338
classic,8,1263.924,257.221,5,0.0,0,287.946,418
classic,9,1331.378,273.728,6,0.0,0,294.975,418
classic,10,1265.151,260.82,7,0.0,0,280.406,438
classic,11,1222.178,257.753,4,0.0,0,284.819,372
classic,12,1216.218,264.723,5,15.182,1,288.854,292
classic,13,1248.501,276.516,2,2.444,1,315.606,403
classic,14,1325.952,298.129,3,0.0,0,326.421,490
classic,15,1523.828,348.702,4,0.0,0,378.533,419
classic,16,1362.312,321.395,5,0.0,0,340.112,514
classic,17,1292.912,310.282,5,0.0,0,335.881,426
classic,18,1272.404,309.572,5,0.0,0,335.988,338
classic,19,1289.539,317.392,5,0.0,0,341.469,445
classic,20,1349.051,334.226,5,0.0,0,356.925,558
classic,21,1474.59,367.677,5,0.0,0,388.76,566
classic,22,1545.432,374.673,5,0.0,0,395.51,574
classic,23,1432.387,348.114,3,0.0,0,380.427,582
classic,24,1386.996,340.386,3,0.0,0,375.362,479
classic,25,1385.335,346.345,6,0.0,0,372.826,377
classic,26,1423.764,364.13,3,0.0,0,396.338,514
classic,27,1570.591,395.299,3,0.0,0,425.409,647
classic,28,1770.08,472.329,4,0.0,0,504.323,668
classic,29,1533.439,389.401,5,69.918,1,426.928,658
classic,30,1456.351,368.307,5,98.611,2,409.046,531
classic,31,1487.601,360.241,6,125.338,3,400.721,408
classic,32,1506.055,351.431,7,0.0,0,389.096,515
classic,33,1576.627,369.029,6,0.0,0,413.804,634
classic,34,1735.79,409.548,6,0.0,0,453.612,645
classic,35,1710.293,413.256,7,0.0,0,452.802,673
classic,36,1645.92,390.002,7,0.0,0,428.662,643
classic,37,1597.438,382.968,7,0.0,0,421.883,560
classic,38,1598.779,390.109,6,0.0,0,432.102,440
classic,39,2358.755,420.794,43,742.616,33,477.8,655
classic,40,2460.514,343.56,22,993.051,15,418.123,634
classic,41,2689.341,294.081,15,1162.516,11,367.86,411
classic,42,2121.379,155.683,7,0.0,0,189.027,281
classic,43,2025.565,147.017,5,0.0,0,176.316,224
classic,44,1997.014,130.234,5,0.0,0,149.527,159
classic,45,2048.263,134.946,8,0.0,0,159.531,212
classic,46,2177.912,151.072,9,0.0,0,177.545,272
classic,47,2419.626,158.564,6,0.0,0,190.115,258
classic,48,2343.096,148.724,5,0.0,0,180.766,256
classic,49,2690.873,148.059,8,0.0,0,183.983,230
classic,50,4018.67,141.9,6,5.323,2,171.967,185
classic,51,2434.4,136.16,5,7.925,2,154.924,166
classic,52,2573.738,143.192,5,1.042,2,164.089,213
classic,53,2342.846,157.472,6,0.0,0,182.699,272
classic,54,2373.973,164.317,5,0.0,0,184.728,253
classic,55,2000.138,153.617,5,0.0,0,176.525,264
classic,56,1971.462,149.947,4,0.0,0,177.253,224
classic,57,1919.052,145.427,6,0.0,0,165.937,170
classic,58,1944.59,151.478,6,0.0,0,173.122,216
classic,59,2117.167,165.579,5,0.0,0,184.324,291
classic,60,2062.84,179.475,7,0.0,0,197.97,237
classic,61,1731.297,155.565,4,0.0,0,181.409,274
classic,62,1913.843,155.793,5,0.0,0,182.01,244
classic,63,1709.2,151.978,5,0.0,0,175.603,187
classic,64,1701.412,150.111,5,0.0,0,170.638,223
classic,65,1592.593,156.941,5,0.0,0,178.689,260
classic,66,1707.466,168.986,4,0.0,0,194.401,285
classic,67,1686.657,182.575,5,0.0,0,211.779,305
classic,68,1619.912,160.627,5,0.0,0,183.835,277
classic,69,1460.757,158.496,4,0.0,0,201.048,247
classic,70,1397.715,156.793,5,0.0,0,182.223,185
classic,71,1420.239,161.98,7,0.0,0,179.742,243
classic,72,1494.362,164.834,4,0.0,0,192.493,294
classic,73,1733.425,188.315,6,0.0,0,207.828,283
classic,74,1791.797,236.961,12,1.664,1,280.51,427
classic,75,1690.126,203.889,11,12.59,2,247.334,324
classic,76,1748.651,186.121,8,22.196,4,225.054,239
classic,77,1661.706,164.286,8,0.0,0,189.789,249
classic,78,1724.691,162.829,7,0.0,0,192.951,295
classic,79,1872.402,160.985,5,0.0,0,189.022,276
classic,80,1792.283,155.894,3,0.0,0,183.167,267
classic,81,1650.106,125.196,4,0.0,0,150.204,230
classic,82,1589.049,117.0,3,0.0,0,140.888,194
classic,83,1580.306,108.894,3,0.0,0,136.964,162
classic,84,1734.433,105.701,4,0.0,0,130.614,170
classic,85,1717.448,93.57,5,0.0,0,108.13,164
classic,86,1958.084,97.453,5,0.0,0,112.661,144
classic,87,1747.53,84.047,3,0.0,0,100.332,153
classic,88,1661.835,73.675,5,0.0,0,84.112,115
classic,89,1636.309,63.489,2,0.0,0,78.279,89
classic,90,1653.28,59.572,2,0.0,0,74.874,110
classic,91,1850.916,62.656,4,0.0,0,73.541,117
classic,92,1887.016,61.525,3,1.998,2,72.936,117
classic,93,1850.379,76.147,6,0.0,0,84.132,149
classic,94,1695.107,67.592,6,0.0,0,72.76,119
classic,95,1628.01,61.373,4,0.0,0,67.821,91
classic,96,1617.641,60.717,3,0.0,0,69.559,97
classic,97,1658.363,62.139,4,0.0,0,70.162,106
classic,98,1884.673,54.673,3,0.0,0,61.503,103
classic,99,1952.209,54.284,7,0.0,0,65.955,102
classic,100,2190.268,22.595,4,25.966,2,25.435,44
classic,101,1935.675,12.025,2,50.185,3,19.262,21
classic,102,1774.303,1.74,1,0.0,0,1.74,2
classic,103,1797.543,3.505,1,0.0,0,10.692,7
classic,104,1741.299,0.0,0,0.0,0,1741.164,2562
classic,105,1924.732,0.0,0,0.0,0,1924.66,2610
classic,106,1802.385,0.0,0,0.0,0,1802.338,2741
classic,107,1695.046,0.0,0,0.0,0,1694.193,2171
classic,108,1639.4,0.0,0,0.0,0,1638.806,1644
classic,109,1619.379,2.242,1,0.0,0,2.238,3
classic,110,1535.343,2.016,1,0.0,0,2.011,3
classic,111,1906.12,0.0,0,0.0,0,1906.069,2791
classic,112,2382.282,0.0,0,0.865,1,0.0,0
classic,113,1753.024,8.33,3,0.0,0,15.151,13
classic,114,1654.403,2.875,1,0.877,2,2.875,5
classic,115,1385.575,0.0,0,0.0,0,1385.538,1407
classic,116,1410.458,3.405,1,0.0,0,10.688,5
classic,117,1437.712,5.004,1,0.0,0,12.286,9
classic,118,1609.593,5.425,1,0.0,0,10.747,9
classic,119,1421.013,2.569,1,0.0,0,2.567,4
classic,120,1287.052,1.978,1,8.776,3,1.978,4
classic,121,1256.624,2.484,1,9.654,2,2.484,4
classic,122,1172.666,0.0,0,10.531,3,0.0,0
classic,123,1215.54,0.0,0,0.0,0,1215.484,1921
classic,124,1305.412,0.0,0,0.0,0,1305.372,1921
classic,125,1257.734,0.0,0,0.0,0,1257.625,1774
classic,126,1141.694,0.0,0,0.0,0,1141.59,1713
classic,127,1088.137,0.0,0,0.0,0,1088.087,1370
classic,128,1046.843,0.0,0,0.0,0,1046.662,1051
classic,129,1050.458,0.0,0,0.0,0,1050.114,1334
classic,130,1071.955,0.0,0,0.0,0,1071.891,1565
classic,131,1455.41,0.0,0,0.0,0,1455.367,1925
classic,132,960.277,0.0,0,0.0,0,960.229,1471
classic,133,879.98,0.0,0,0.0,0,879.751,1144
classic,134,718.815,0.0,0,0.0,0,718.734,729
classic,135,724.845,0.0,0,0.0,0,724.804,948
classic,136,755.475,1.631,1,0.0,0,1.625,3
classic,137,826.923,0.0,0,0.0,0,826.903,1186
classic,138,863.627,0.0,0,0.0,0,863.592,1220
classic,139,806.108,0.0,0,0.0,0,806.043,1192
classic,140,782.915,0.0,0,0.0,0,782.883,996
classic,141,783.017,0.0,0,0.0,0,782.838,811
classic,142,802.155,1.649,1,0.0,0,1.645,2
classic,143,854.706,0.0,0,0.0,0,854.637,1230
classic,144,901.688,0.0,0,0.0,0,900.903,1004
classic,145,825.385,0.0,0,0.0,0,825.365,1238
classic,146,791.128,0.0,0,0.0,0,791.024,1006
classic,147,781.694,0.0,0,0.0,0,781.655,766
classic,148,796.526,0.0,0,0.0,0,796.46,1014
classic,149,836.672,0.0,0,0.0,0,836.649,1292
classic,150,932.891,0.0,0,0.0,0,932.798,1309
classic,151,954.053,0.0,0,0.0,0,953.997,1353
classic,152,902.467,0.0,0,0.0,0,902.041,1132
classic,153,886.535,0.0,0,0.0,0,886.203,895
classic,154,918.081,0.0,0,0.0,0,917.763,916
classic,155,957.629,0.0,0,0.0,0,957.127,1205
classic,156,1039.176,0.0,0,0.0,0,1039.076,1499
classic,157,1079.306,1.636,1,0.0,0,1.634,2
classic,158,1027.631,0.0,0,1.762,1,0.0,0
classic,159,1060.826,3.907,2,1.297,1,3.904,5
classic,160,1092.862,0.0,0,3.519,3,0.0,0
classic,161,1018.084,1.891,1,1.476,2,1.889,3
classic,162,777.335,0.0,0,0.0,0,777.33,1210
classic,163,875.593,0.0,0,0.0,0,874.782,986
classic,164,838.81,0.0,0,0.0,0,838.802,1211
classic,165,790.525,0.0,0,0.0,0,790.219,985
classic,166,771.334,1.76,1,0.0,0,1.748,1
classic,167,773.775,0.0,0,0.0,0,773.75,979
classic,168,799.799,0.0,0,0.0,0,799.729,1196
classic,169,860.928,0.0,0,0.0,0,860.898,1220
classic,170,845.011,0.0,0,9.7,1,0.0,0
classic,171,771.422,0.0,0,9.671,2,0.0,0
classic,172,741.096,0.0,0,8.792,2,0.0,0
classic,173,737.526,3.686,1,0.0,0,10.965,6
classic,174,759.537,3.627,1,0.0,0,10.907,7
classic,175,814.952,7.904,2,0.0,0,13.157,15
classic,176,995.95,12.34,2,0.0,0,16.286,20
classic,177,867.486,10.774,1,0.0,0,24.001,23
classic,178,822.252,6.459,1,0.0,0,13.741,11
classic,179,804.898,5.899,1,0.0,0,13.182,9
classic,180,808.189,5.063,1,0.0,0,12.346,9
classic,181,843.531,3.276,1,0.0,0,10.555,7
classic,182,918.13,0.0,0,0.0,0,918.09,1337
classic,183,911.185,39.02,6,591.877,4,64.357,78
classic,184,845.087,56.052,4,461.187,2,91.26,112
classic,185,822.74,69.216,6,374.338,3,96.566,116
classic,186,832.766,142.705,4,0.0,0,163.132,183
classic,187,856.55,148.849,4,0.0,0,169.79,230
classic,188,1053.071,166.168,4,10.374,8,188.426,295
classic,189,1444.539,246.366,3,40.99,9,280.155,312
classic,190,866.517,126.57,2,63.652,13,146.886,224
classic,191,788.213,101.661,2,55.658,14,115.744,144
classic,192,1064.634,156.699,6,72.412,15,163.539,174
classic,193,1185.87,161.367,6,95.423,14,180.898,242
classic,194,1030.193,126.13,6,95.127,19,150.222,217
classic,195,1067.107,99.913,5,96.395,18,118.933,170
classic,196,966.97,50.387,4,97.698,10,57.066,86
classic,197,847.84,24.124,4,100.184,10,33.462,45
classic,198,799.928,4.446,1,100.219,7,11.717,5
classic,199,394.901,0.0,0,48.245,4,0.0,0
classic,225,515.288,0.0,0,0.0,0,515.29,674
classic,226,379.776,0.0,0,0.0,0,379.78,596
classic,227,392.793,0.0,0,0.0,0,392.792,567
classic,228,252.109,0.0,0,0.0,0,252.093,366
classic,229,581.004,0.0,0,0.0,0,580.959,862
classic,230,222.66,0.0,0,0.0,0,222.658,298
classic,231,428.784,0.0,0,0.0,0,428.713,423
classic,232,225.971,0.0,0,0.0,0,225.911,301
classic,233,380.619,0.0,0,0.0,0,380.617,579
classic,234,273.851,0.0,0,0.0,0,273.848,355
classic,235,573.25,0.0,0,0.0,0,573.225,843
classic,236,356.981,0.0,0,0.0,0,356.887,464
classic,237,661.003,0.0,0,0.0,0,660.887,627
classic,238,0.0,0.0,0,0.341,1,0.0,0
arachne,0,0.0,0.0,0,623.892,25,0.0,0
arachne,1,3815.965,13.859,4,0.742,2,24.182,48
arachne,2,1288.52,62.311,6,3.928,2,122.427,239
arachne,3,1168.957,234.27,2,0.0,0,265.335,388
arachne,4,1098.444,224.595,4,0.0,0,248.948,325
arachne,5,1121.381,223.863,4,0.0,0,256.106,264
arachne,6,1129.805,228.98,2,0.0,0,267.314,269
arachne,7,1175.511,241.362,3,0.0,0,279.223,347
arachne,8,1276.61,267.865,4,0.0,0,301.998,440
arachne,9,1389.472,288.672,7,0.0,0,305.604,438
arachne,10,1272.937,273.574,4,0.0,0,298.214,461
arachne,11,1230.772,267.071,4,0.0,0,292.376,383
arachne,12,1227.312,273.506,5,1.463,3,298.985,302
arachne,13,1261.704,284.985,2,2.621,1,321.257,410
arachne,14,1339.772,309.885,3,0.0,0,335.979,506
arachne,15,1537.841,358.831,3,0.0,0,388.453,435
arachne,16,1374.593,327.923,4,0.0,0,353.135,527
arachne,17,1306.159,319.696,5,0.0,0,345.003,447
arachne,18,1284.621,316.18,5,0.0,0,342.012,342
arachne,19,1299.242,323.802,5,0.0,0,347.606,452
arachne,20,1357.003,340.185,5,0.0,0,362.884,566
arachne,21,1536.806,376.056,4,0.0,0,400.664,580
arachne,22,1560.92,385.724,3,0.0,0,415.826,599
arachne,23,1444.175,357.046,3,0.0,0,387.613,593
arachne,24,1395.207,351.454,2,0.0,0,387.283,497
arachne,25,1393.047,358.135,3,0.0,0,391.748,395
arachne,26,1487.253,375.398,3,0.0,0,406.998,528
arachne,27,1579.725,405.985,2,0.0,0,440.498,667
arachne,28,1784.776,481.258,4,0.0,0,511.756,677
arachne,29,1542.011,399.746,5,69.918,1,437.559,677
arachne,30,1520.872,376.474,5,98.611,2,417.13,544
arachne,31,1495.656,368.304,7,125.338,3,403.879,421
arachne,32,1514.49,362.593,6,0.0,0,404.702,540
arachne,33,1588.318,382.709,6,0.0,0,424.879,663
arachne,34,1751.875,428.378,8,0.0,0,467.334,673
arachne,35,1777.143,429.756,8,0.0,0,460.914,684
arachne,36,1654.654,403.198,7,0.0,0,438.164,668
arachne,37,1606.232,397.246,5,0.0,0,440.784,573
arachne,38,1609.237,401.624,7,0.0,0,437.195,448
arachne,39,2371.872,449.199,47,742.616,33,491.437,681
arachne,40,2477.564,383.878,36,993.051,14,438.012,685
arachne,41,3172.223,348.56,20,1166.967,12,421.344,510
arachne,42,2168.435,178.157,10,0.0,0,213.304,301
arachne,43,2072.421,164.204,9,0.0,0,198.882,245
arachne,44,2045.32,158.553,7,0.0,0,223.023,201
arachne,45,2099.546,168.053,11,0.0,0,251.517,271
arachne,46,2200.578,174.841,12,0.0,0,227.493,317
arachne,47,2444.855,193.301,12,0.0,0,282.389,339
arachne,48,2532.542,182.033,9,0.0,0,253.157,327
arachne,49,2529.09,175.736,9,0.0,0,237.365,278
arachne,50,2460.147,163.132,8,6.548,2,210.902,217
arachne,51,2982.968,158.608,7,47.207,9,193.267,202
arachne,52,2686.812,155.146,5,47.365,15,192.232,235
arachne,53,2265.861,170.769,6,6.349,4,202.769,294
arachne,54,2268.35,178.424,4,4.339,4,210.654,289
arachne,55,2020.677,167.651,4,3.251,4,222.176,300
arachne,56,1861.238,161.111,5,2.562,4,188.255,235
arachne,57,1698.637,156.989,6,2.091,4,177.496,186
arachne,58,1710.79,161.115,6,1.661,4,195.681,243
arachne,59,1733.555,169.929,7,0.8,2,204.666,303
arachne,60,1939.192,189.58,7,0.653,2,210.241,252
arachne,61,1827.067,174.884,4,0.0,0,212.855,293
arachne,62,1663.457,166.289,4,0.0,0,207.893,250
arachne,63,1611.411,165.714,5,0.0,0,201.764,201
arachne,64,1601.643,169.253,5,0.0,0,197.403,246
arachne,65,1642.946,177.136,6,0.0,0,208.713,293
arachne,66,1757.138,195.578,4,0.0,0,235.887,328
arachne,67,1714.904,198.751,4,0.0,0,234.737,336
arachne,68,1552.581,180.512,5,0.0,0,217.652,320
arachne,69,1479.281,171.159,5,0.0,0,218.899,270
arachne,70,1459.572,171.213,6,0.0,0,196.025,200
arachne,71,1440.623,175.237,6,0.0,0,195.698,254
arachne,72,1519.035,183.779,5,0.0,0,205.449,315
arachne,73,1763.567,209.368,7,0.0,0,234.197,311
arachne,74,2484.904,285.894,16,11.661,2,318.013,468
arachne,75,1744.363,253.753,11,45.863,12,296.025,385
arachne,76,1707.655,221.827,15,55.865,9,247.341,274
arachne,77,1717.173,203.185,12,0.0,0,230.301,291
arachne,78,1780.976,194.39,10,0.0,0,222.624,318
arachne,79,1932.266,200.879,9,0.0,0,224.953,325
arachne,80,1855.682,177.282,6,0.0,0,198.183,293
arachne,81,1711.253,146.645,5,0.0,0,170.449,258
arachne,82,1647.089,134.622,6,0.0,0,156.907,205
arachne,83,1637.856,128.95,6,0.0,0,150.542,167
arachne,84,1678.14,125.069,9,0.0,0,145.417,190
arachne,85,1779.655,125.46,8,0.0,0,144.464,205
arachne,86,2062.569,121.162,7,0.0,0,137.987,175
arachne,87,1817.303,107.224,5,0.0,0,128.174,193
arachne,88,1730.033,87.702,5,0.0,0,100.041,139
arachne,89,1704.222,76.738,5,0.0,0,88.18,105
arachne,90,1721.913,74.257,3,0.0,0,90.982,129
arachne,91,1790.145,75.522,5,0.0,0,99.714,157
arachne,92,1960.741,74.451,4,2.81,2,89.08,137
arachne,93,1971.461,99.638,7,0.0,0,109.516,171
arachne,94,1769.787,87.858,8,0.0,0,97.634,148
arachne,95,1697.809,81.093,6,0.0,0,88.068,110
arachne,96,1683.993,78.129,5,0.0,0,83.862,100
arachne,97,1723.506,78.393,6,0.0,0,82.975,117
arachne,98,1832.514,87.692,8,0.0,0,98.303,146
arachne,99,2000.458,77.833,6,0.0,0,99.987,144
arachne,100,2090.23,40.935,6,26.328,1,48.95,83
arachne,101,1982.734,16.154,2,51.426,3,31.078,30
arachne,102,1687.582,4.041,1,0.0,0,9.34,12
arachne,103,1708.286,9.891,2,0.0,0,20.674,18
arachne,104,1782.416,1.701,1,0.0,0,1.701,1
arachne,105,1971.799,6.571,2,0.0,0,22.877,15
arachne,106,1780.739,8.063,2,0.0,0,15.336,15
arachne,107,1629.144,6.864,3,0.0,0,6.857,12
arachne,108,1576.034,5.973,2,0.0,0,10.181,8
arachne,109,1574.23,6.541,3,0.0,0,6.528,9
arachne,110,1602.633,8.271,3,0.0,0,8.259,12
arachne,111,1718.745,12.222,4,0.0,0,18.759,29
arachne,112,1888.007,6.533,3,1.585,1,6.533,9
arachne,113,2196.807,20.412,5,2.291,2,33.069,41
arachne,114,1670.051,7.892,2,1.053,2,8.755,16
arachne,115,1486.166,6.556,2,0.0,0,13.835,10
arachne,116,1457.006,7.895,2,0.0,0,15.17,13
arachne,117,1468.421,6.231,1,0.0,0,13.513,13
arachne,118,1646.495,11.338,2,0.0,0,32.479,30
arachne,119,1401.381,7.736,1,0.0,0,19.1,20
arachne,120,1304.637,4.016,1,13.03,3,7.154,11
arachne,121,1217.922,1.804,1,17.537,4,1.804,3
arachne,122,1387.778,0.0,0,19.13,4,0.0,0
arachne,123,1226.678,2.196,1,0.0,0,2.197,3
arachne,124,1284.476,6.485,3,0.0,0,6.473,10
arachne,125,1323.986,1.876,1,0.0,0,1.876,3
arachne,126,1181.753,3.751,2,0.0,0,3.749,6
arachne,127,1121.087,1.9,1,0.0,0,1.899,3
arachne,128,1078.838,3.94,2,0.0,0,3.94,5
arachne,129,1086.318,1.86,1,0.0,0,1.853,3
arachne,130,1128.831,2.124,1,0.0,0,2.12,4
arachne,131,1233.45,1.673,1,0.0,0,1.669,2
arachne,132,1034.94,2.464,1,0.0,0,2.464,5
arachne,133,965.56,1.827,1,0.0,0,1.826,3
arachne,134,779.638,5.331,2,0.0,0,5.573,7
arachne,135,766.506,3.888,2,0.0,0,3.885,5
arachne,136,817.904,1.894,1,0.0,0,1.894,4
arachne,137,893.184,0.0,0,0.0,0,893.171,1259
arachne,138,893.787,0.0,0,0.0,0,893.751,1291
arachne,139,832.849,1.675,1,0.0,0,1.676,2
arachne,140,808.678,1.671,1,0.0,0,1.665,1
arachne,141,808.461,3.363,2,0.0,0,3.343,3
arachne,142,851.774,1.656,1,0.0,0,1.649,2
arachne,143,905.162,2.243,1,0.0,0,2.238,4
arachne,144,949.576,1.696,1,0.0,0,1.695,2
arachne,145,849.111,1.867,1,0.0,0,1.863,3
arachne,146,813.458,0.0,0,0.0,0,813.315,1060
arachne,147,803.891,0.0,0,0.0,0,803.871,823
arachne,148,842.573,0.0,0,0.0,0,842.48,1084
arachne,149,885.85,2.969,1,0.0,0,2.967,5
arachne,150,986.609,3.157,1,0.0,0,3.155,4
arachne,151,1001.266,6.489,2,0.0,0,6.486,11
arachne,152,947.802,6.827,3,0.0,0,6.821,11
arachne,153,931.788,3.657,2,0.0,0,3.653,5
arachne,154,943.416,1.755,1,0.0,0,1.748,2
arachne,155,983.683,1.699,1,0.0,0,1.697,2
arachne,156,1090.234,1.856,1,0.0,0,1.856,3
arachne,157,1157.812,2.218,1,0.0,0,2.219,3
arachne,158,1023.861,8.263,3,2.466,2,14.75,21
arachne,159,750.398,4.487,2,2.376,1,4.485,7
arachne,160,740.111,2.436,1,3.743,3,2.436,3
arachne,161,754.047,1.793,1,1.479,2,1.786,2
arachne,162,792.84,2.102,1,0.0,0,2.1,4
arachne,163,892.712,9.655,2,0.0,0,17.127,20
arachne,164,848.393,11.273,2,0.0,0,45.4,33
arachne,165,799.243,3.92,2,0.0,0,9.624,11
arachne,166,779.825,3.821,1,0.0,0,11.745,10
arachne,167,782.395,3.975,1,0.0,0,12.224,11
arachne,168,808.799,2.378,1,0.0,0,2.376,4
arachne,169,871.314,0.0,0,0.0,0,871.316,1272
arachne,170,860.59,0.0,0,0.806,2,0.0,0
arachne,171,785.589,2.245,1,17.575,6,2.245,5
arachne,172,753.264,5.832,2,13.048,2,11.305,11
arachne,173,748.738,7.94,2,0.0,0,33.774,15
arachne,174,768.873,9.335,2,0.0,0,35.272,19
arachne,175,864.545,13.057,2,0.0,0,38.552,30
arachne,176,1006.922,16.709,2,0.0,0,40.54,35
arachne,177,881.07,15.621,1,0.0,0,30.064,32
arachne,178,833.552,14.831,2,0.0,0,25.63,37
arachne,179,815.45,14.172,2,0.0,0,25.475,26
arachne,180,820.894,12.243,1,0.0,0,40.671,33
arachne,181,854.145,6.817,1,0.0,0,14.101,13
arachne,182,930.967,10.139,1,0.0,0,46.438,27
arachne,183,922.163,45.62,5,591.877,4,78.799,94
arachne,184,854.975,64.938,6,461.187,2,90.965,119
arachne,185,832.809,75.275,6,380.83,2,104.314,123
arachne,186,842.009,149.593,3,0.0,0,173.67,179
arachne,187,865.908,154.418,3,0.0,0,179.797,227
arachne,188,1062.666,172.94,3,10.374,8,199.286,293
arachne,189,1457.01,257.156,3,42.258,8,292.19,326
arachne,190,874.59,129.308,3,73.395,18,146.196,217
arachne,191,793.43,107.031,1,60.004,12,138.776,163
arachne,192,1075.144,170.523,7,80.487,14,193.549,205
arachne,193,1202.223,159.688,5,104.161,17,188.004,241
arachne,194,1041.255,134.48,6,104.975,15,157.335,234
arachne,195,1082.777,102.879,4,105.028,14,125.3,170
arachne,196,979.468,60.628,6,107.71,16,64.003,102
arachne,197,887.409,24.948,3,108.691,13,39.729,50
arachne,198,815.297,8.301,2,110.186,14,22.85,12
arachne,199,399.859,0.0,0,57.166,8,0.0,0
arachne,225,225.211,0.0,0,0.0,0,225.213,298
arachne,226,233.839,0.0,0,0.0,0,233.823,363
arachne,227,253.181,0.0,0,0.0,0,253.167,371
arachne,228,277.455,1.759,1,0.0,0,1.759,4
arachne,229,256.526,0.0,0,0.0,0,256.509,363
arachne,230,247.665,0.0,0,0.0,0,247.663,299
arachne,231,246.377,0.0,0,0.0,0,246.348,232
arachne,232,251.141,0.0,0,0.0,0,251.075,302
arachne,233,264.1,0.0,0,0.0,0,264.096,366
arachne,234,280.604,2.093,1,0.0,0,2.094,4
arachne,235,241.487,0.0,0,0.0,0,241.485,365
arachne,236,229.091,0.0,0,0.0,0,229.05,305
arachne,237,224.671,3.1,1,0.0,0,3.1,4
arachne,238,0.0,0.0,0,16.96,2,0.0,0
