run_id,fixture,cell,mode,arm,run_index,warmup,threads,wall_seconds,cpu_seconds,cpu_wall_ratio,peak_workingset_bytes,gcode_bytes,sha256_of_gcode,completion_status,fatal_error_count,non_fatal_error_count,degraded,exit_code,timestamp_utc
benchy-classic-off-ordinary-baseline-w1,benchy,classic-off,ordinary,baseline,1,1,12,21.294,133.9531,6.2907,343347200,7444085,8722968169bab1ebf82f855f3841b2396a688fe9788d9b2f475177561eebebf0,ok,0,0,False,0,2026-09-30T01:35:13.859Z
benchy-classic-off-ordinary-candidate-w1,benchy,classic-off,ordinary,candidate,1,1,12,21.4242,132.8594,6.2014,298098688,4394542,42293e63eb86199cac5eb6fb3e4a3c9c9cd0015ccd9595bd892972cd8f853544,ok,0,0,False,0,2026-09-30T01:35:35.332Z
benchy-classic-off-ordinary-baseline-m1,benchy,classic-off,ordinary,baseline,1,0,12,22.317,133.9531,6.0023,342532096,7444417,85a2f77552524b13725f96a94984f70b27d2bda0d398df3901b76232b3af3e6a,ok,0,0,False,0,2026-09-30T01:35:57.749Z
benchy-classic-off-ordinary-candidate-m1,benchy,classic-off,ordinary,candidate,1,0,12,20.8543,134.5781,6.4533,293457920,4395173,e150fe67dee63072d100dc4257a041e7afae2ea36fd00f234c47ce94a45b033b,ok,0,0,False,0,2026-09-30T01:36:18.649Z
benchy-classic-off-ordinary-candidate-m2,benchy,classic-off,ordinary,candidate,2,0,12,21.0473,133.4688,6.3414,294584320,4393833,9211a6f2f03ac5f96bffdc77b0ad94e5fdcba874d05dd1c315004dbba2cb7bc3,ok,0,0,False,0,2026-09-30T01:36:39.762Z
benchy-classic-off-ordinary-baseline-m2,benchy,classic-off,ordinary,baseline,2,0,12,21.4564,134.3906,6.2634,347119616,7444449,79f1114280a0cea6f942b8b6e7170f54d8e41ca146eb3d358f4914f1b4fe9c00,ok,0,0,False,0,2026-09-30T01:37:01.247Z
benchy-classic-off-ordinary-baseline-m3,benchy,classic-off,ordinary,baseline,3,0,12,20.6283,133.1094,6.4527,346955776,7444768,d66b759736153498b171a91fa8f28d266338c285f225d8e665dd151d33622f45,ok,0,0,False,0,2026-09-30T01:37:21.974Z
benchy-classic-off-ordinary-candidate-m3,benchy,classic-off,ordinary,candidate,3,0,12,22.3653,134.25,6.0026,294375424,4394519,f79e2c2bbd4522655e474c0be4abe7a0facd06a5a82363b03bc20a243aef98e2,ok,0,0,False,0,2026-09-30T01:37:44.395Z
benchy-classic-off-ordinary-candidate-m4,benchy,classic-off,ordinary,candidate,4,0,12,21.257,133.375,6.2744,294432768,4394355,57168371adeb1a06613854a71aeb7bc9da992e2f18912680225bf848cddbf42f,ok,0,0,False,0,2026-09-30T01:38:05.709Z
benchy-classic-off-ordinary-baseline-m4,benchy,classic-off,ordinary,baseline,4,0,12,21.0846,132.6719,6.2924,344997888,7443865,5ffe8730e63061d0e6186ebc38ed46d80fcc092f319592b2f3385992ec005c25,ok,0,0,False,0,2026-09-30T01:38:26.853Z
benchy-classic-off-ordinary-baseline-m5,benchy,classic-off,ordinary,baseline,5,0,12,20.7376,132.4531,6.3871,345903104,7443875,16045597f8e59b35b6baebcddb0dd1c84fc48cbc4247de9a4a06b9dfdb0aee8f,ok,0,0,False,0,2026-09-30T01:38:47.680Z
benchy-classic-off-ordinary-candidate-m5,benchy,classic-off,ordinary,candidate,5,0,12,20.894,132.8281,6.3572,300195840,4394442,016654e7cb924377b68a3602c18d3b491a90b13b2704a188a163e3e3dcd6202a,ok,0,0,False,0,2026-09-30T01:39:08.665Z
benchy-classic-off-ordinary-candidate-m6,benchy,classic-off,ordinary,candidate,6,0,12,20.686,132.7969,6.4197,293285888,4394246,0a05094eed84b9ab39c2fa89eb67bd53e98fb1f2d52a8eeeb6596fccffc6ef3a,ok,0,0,False,0,2026-09-30T01:39:29.443Z
benchy-classic-off-ordinary-baseline-m6,benchy,classic-off,ordinary,baseline,6,0,12,21.405,132.8594,6.2069,345587712,7443803,42a2e85c4f1ba29775c195b7ebe19215b66850ba3ca4b0842ce1b8af2ab14f67,ok,0,0,False,0,2026-09-30T01:39:50.913Z
