run_id,batch_id,cell,fixture,generator,supports,tool,run_index,warmup,threads,expected_generator,validated_generator,config_path,exe_path,module_dir,model_path,output_path,stderr_path,wall_seconds,cpu_seconds,cpu_wall_ratio,peak_workingset_bytes,gcode_bytes,sha256_of_gcode,type_counts_json,completion_status,fatal_error_count,non_fatal_error_count,degraded,exit_code,timestamp_utc
benchy-classic-off-orca-w1,s1-benchy,classic-off,benchy,classic,off,orca,1,1,12,classic,classic,D:\slicerProject\pinch_n_print_cli_2\target\matched-pair\s1-benchy\orca-configs\derived-classic-support0.json,C:\Program Files\OrcaSlicer\orca-slicer.exe,,D:\slicerProject\pinch_n_print_cli_2\tmp\3dbenchy.stl,D:\slicerProject\pinch_n_print_cli_2\target\matched-pair\s1-benchy\gcode\benchy-classic-off-orca-w1.gcode,D:\slicerProject\pinch_n_print_cli_2\target\matched-pair\s1-benchy\benchy-classic-off-orca-w1.stderr.jsonl,2.8691,9.9531,3.469,212119552,3890416,ea936c766df8e6bd7fa483a89e274336987704bec79e8c0c2bd53084c3a26874,"{""Internal Bridge"":12,""Outer wall"":743,""Bridge"":3,""Overhang wall"":84,""Custom"":2,""Gap infill"":777,""Brim"":1,""Sparse infill"":248,""Bottom surface"":5,""Internal solid infill"":312,""Top surface"":22,""Skirt"":1,""Inner wall"":612}",n/a,n/a,n/a,n/a,0,2026-09-22T22:55:08.543Z
benchy-classic-off-pnp-ordinary-w1,s1-benchy,classic-off,benchy,classic,off,pnp-ordinary,1,1,12,classic,classic,D:\slicerProject\pinch_n_print_cli_2\docs\specs\perf-vs-orca\evidence\matched-pair\configs\pnp-classic-supports-off.json,D:\slicerProject\pinch_n_print_cli_2\target\release\pnp_cli.exe,D:\slicerProject\pinch_n_print_cli_2\modules\core-modules,D:\slicerProject\pinch_n_print_cli_2\tmp\3dbenchy.stl,D:\slicerProject\pinch_n_print_cli_2\target\matched-pair\s1-benchy\gcode\benchy-classic-off-pnp-ordinary-w1.gcode,D:\slicerProject\pinch_n_print_cli_2\target\matched-pair\s1-benchy\benchy-classic-off-pnp-ordinary-w1.stderr.jsonl,23.2147,133.8281,5.7648,341004288,7444793,d6e260c0f0cd9628537b88d440fee542e5d72dd8d4c167c75a8489906989d7df,"{""Internal Bridge"":12,""Bottom surface"":22,""Inner wall"":258,""Skirt"":1,""Sparse infill"":273,""Brim"":1,""Gap infill"":110,""Bridge"":18,""Outer wall"":240,""Internal solid infill"":13,""Top surface"":47}",ok,0,0,false,0,2026-09-22T22:55:32.228Z
benchy-classic-off-pnp-accelerated-w1,s1-benchy,classic-off,benchy,classic,off,pnp-accelerated,1,1,12,classic,classic,D:\slicerProject\pinch_n_print_cli_2\docs\specs\perf-vs-orca\evidence\matched-pair\configs\pnp-classic-supports-off.json,D:\slicerProject\pinch_n_print_cli_2\target\dist-accelerated\developer\pnp_cli.exe,D:\slicerProject\pinch_n_print_cli_2\target\dist-accelerated\developer\modules,D:\slicerProject\pinch_n_print_cli_2\tmp\3dbenchy.stl,D:\slicerProject\pinch_n_print_cli_2\target\matched-pair\s1-benchy\gcode\benchy-classic-off-pnp-accelerated-w1.gcode,D:\slicerProject\pinch_n_print_cli_2\target\matched-pair\s1-benchy\benchy-classic-off-pnp-accelerated-w1.stderr.jsonl,19.7256,112.7656,5.7167,346918912,7444266,5bf674958489eb99db4712d2a52478d5844c5e6649f565b77234da2d262d5e25,"{""Internal Bridge"":12,""Bottom surface"":22,""Inner wall"":256,""Skirt"":1,""Sparse infill"":273,""Brim"":1,""Gap infill"":110,""Bridge"":18,""Outer wall"":240,""Internal solid infill"":13,""Top surface"":47}",ok,0,0,false,0,2026-09-22T22:55:52.356Z
benchy-classic-off-orca-m1,s1-benchy,classic-off,benchy,classic,off,orca,1,0,12,classic,classic,D:\slicerProject\pinch_n_print_cli_2\target\matched-pair\s1-benchy\orca-configs\derived-classic-support0.json,C:\Program Files\OrcaSlicer\orca-slicer.exe,,D:\slicerProject\pinch_n_print_cli_2\tmp\3dbenchy.stl,D:\slicerProject\pinch_n_print_cli_2\target\matched-pair\s1-benchy\gcode\benchy-classic-off-orca-m1.gcode,D:\slicerProject\pinch_n_print_cli_2\target\matched-pair\s1-benchy\benchy-classic-off-orca-m1.stderr.jsonl,2.7958,9.3281,3.3365,215797760,3899056,e901f4d6b8a0ed906ac9ba79124585962b256a0094ef8818f778fc0ac0c43232,"{""Internal Bridge"":12,""Outer wall"":743,""Bridge"":3,""Overhang wall"":84,""Custom"":2,""Gap infill"":777,""Brim"":1,""Sparse infill"":248,""Bottom surface"":5,""Internal solid infill"":312,""Top surface"":22,""Skirt"":1,""Inner wall"":612}",n/a,n/a,n/a,n/a,0,2026-09-22T22:55:55.241Z
benchy-classic-off-pnp-ordinary-m1,s1-benchy,classic-off,benchy,classic,off,pnp-ordinary,1,0,12,classic,classic,D:\slicerProject\pinch_n_print_cli_2\docs\specs\perf-vs-orca\evidence\matched-pair\configs\pnp-classic-supports-off.json,D:\slicerProject\pinch_n_print_cli_2\target\release\pnp_cli.exe,D:\slicerProject\pinch_n_print_cli_2\modules\core-modules,D:\slicerProject\pinch_n_print_cli_2\tmp\3dbenchy.stl,D:\slicerProject\pinch_n_print_cli_2\target\matched-pair\s1-benchy\gcode\benchy-classic-off-pnp-ordinary-m1.gcode,D:\slicerProject\pinch_n_print_cli_2\target\matched-pair\s1-benchy\benchy-classic-off-pnp-ordinary-m1.stderr.jsonl,20.6065,131.1875,6.3663,341569536,7444357,4868eb5a68813f5b348af9dfd85109dbe8d802432da82c3ada08bd54ceddb922,"{""Internal Bridge"":12,""Bottom surface"":22,""Inner wall"":256,""Skirt"":1,""Sparse infill"":273,""Brim"":1,""Gap infill"":110,""Bridge"":18,""Outer wall"":240,""Internal solid infill"":13,""Top surface"":47}",ok,0,0,false,0,2026-09-22T22:56:16.265Z
benchy-classic-off-pnp-accelerated-m1,s1-benchy,classic-off,benchy,classic,off,pnp-accelerated,1,0,12,classic,classic,D:\slicerProject\pinch_n_print_cli_2\docs\specs\perf-vs-orca\evidence\matched-pair\configs\pnp-classic-supports-off.json,D:\slicerProject\pinch_n_print_cli_2\target\dist-accelerated\developer\pnp_cli.exe,D:\slicerProject\pinch_n_print_cli_2\target\dist-accelerated\developer\modules,D:\slicerProject\pinch_n_print_cli_2\tmp\3dbenchy.stl,D:\slicerProject\pinch_n_print_cli_2\target\matched-pair\s1-benchy\gcode\benchy-classic-off-pnp-accelerated-m1.gcode,D:\slicerProject\pinch_n_print_cli_2\target\matched-pair\s1-benchy\benchy-classic-off-pnp-accelerated-m1.stderr.jsonl,19.8217,112.5,5.6756,338075648,7444723,b12118708963615dd2f5e7fa8e797fd3675dd9a0f9ce64caba374bafe5ebea7f,"{""Internal Bridge"":12,""Bottom surface"":22,""Inner wall"":258,""Skirt"":1,""Sparse infill"":273,""Brim"":1,""Gap infill"":110,""Bridge"":18,""Outer wall"":240,""Internal solid infill"":13,""Top surface"":47}",ok,0,0,false,0,2026-09-22T22:56:36.453Z
benchy-classic-off-pnp-ordinary-m2,s1-benchy,classic-off,benchy,classic,off,pnp-ordinary,2,0,12,classic,classic,D:\slicerProject\pinch_n_print_cli_2\docs\specs\perf-vs-orca\evidence\matched-pair\configs\pnp-classic-supports-off.json,D:\slicerProject\pinch_n_print_cli_2\target\release\pnp_cli.exe,D:\slicerProject\pinch_n_print_cli_2\modules\core-modules,D:\slicerProject\pinch_n_print_cli_2\tmp\3dbenchy.stl,D:\slicerProject\pinch_n_print_cli_2\target\matched-pair\s1-benchy\gcode\benchy-classic-off-pnp-ordinary-m2.gcode,D:\slicerProject\pinch_n_print_cli_2\target\matched-pair\s1-benchy\benchy-classic-off-pnp-ordinary-m2.stderr.jsonl,21.0457,132.9531,6.3174,340762624,7443822,9f9dadc31448d5e6246248a6ef07f8ab69588c8c171fbcc668e3578719e11e1b,"{""Internal Bridge"":12,""Bottom surface"":22,""Inner wall"":252,""Skirt"":1,""Sparse infill"":273,""Brim"":1,""Gap infill"":110,""Bridge"":18,""Outer wall"":240,""Internal solid infill"":13,""Top surface"":47}",ok,0,0,false,0,2026-09-22T22:56:57.969Z
benchy-classic-off-pnp-accelerated-m2,s1-benchy,classic-off,benchy,classic,off,pnp-accelerated,2,0,12,classic,classic,D:\slicerProject\pinch_n_print_cli_2\docs\specs\perf-vs-orca\evidence\matched-pair\configs\pnp-classic-supports-off.json,D:\slicerProject\pinch_n_print_cli_2\target\dist-accelerated\developer\pnp_cli.exe,D:\slicerProject\pinch_n_print_cli_2\target\dist-accelerated\developer\modules,D:\slicerProject\pinch_n_print_cli_2\tmp\3dbenchy.stl,D:\slicerProject\pinch_n_print_cli_2\target\matched-pair\s1-benchy\gcode\benchy-classic-off-pnp-accelerated-m2.gcode,D:\slicerProject\pinch_n_print_cli_2\target\matched-pair\s1-benchy\benchy-classic-off-pnp-accelerated-m2.stderr.jsonl,21.0575,114.375,5.4315,344838144,7444849,303b03d2a4b24feba849143945be3b30e7d1aac5ca11b098f498d82d1df19657,"{""Internal Bridge"":12,""Bottom surface"":22,""Inner wall"":258,""Skirt"":1,""Sparse infill"":273,""Brim"":1,""Gap infill"":110,""Bridge"":18,""Outer wall"":240,""Internal solid infill"":13,""Top surface"":47}",ok,0,0,false,0,2026-09-22T22:57:19.449Z
benchy-classic-off-orca-m2,s1-benchy,classic-off,benchy,classic,off,orca,2,0,12,classic,classic,D:\slicerProject\pinch_n_print_cli_2\target\matched-pair\s1-benchy\orca-configs\derived-classic-support0.json,C:\Program Files\OrcaSlicer\orca-slicer.exe,,D:\slicerProject\pinch_n_print_cli_2\tmp\3dbenchy.stl,D:\slicerProject\pinch_n_print_cli_2\target\matched-pair\s1-benchy\gcode\benchy-classic-off-orca-m2.gcode,D:\slicerProject\pinch_n_print_cli_2\target\matched-pair\s1-benchy\benchy-classic-off-orca-m2.stderr.jsonl,2.9087,9.6719,3.3251,217370624,3890416,3055ba5553fbdbc10273f703210de3bac012a3bb220d5031250968ecfec0ab63,"{""Internal Bridge"":12,""Outer wall"":743,""Bridge"":3,""Overhang wall"":84,""Custom"":2,""Gap infill"":777,""Brim"":1,""Sparse infill"":248,""Bottom surface"":5,""Internal solid infill"":312,""Top surface"":22,""Skirt"":1,""Inner wall"":612}",n/a,n/a,n/a,n/a,0,2026-09-22T22:57:22.441Z
benchy-classic-off-pnp-accelerated-m3,s1-benchy,classic-off,benchy,classic,off,pnp-accelerated,3,0,12,classic,classic,D:\slicerProject\pinch_n_print_cli_2\docs\specs\perf-vs-orca\evidence\matched-pair\configs\pnp-classic-supports-off.json,D:\slicerProject\pinch_n_print_cli_2\target\dist-accelerated\developer\pnp_cli.exe,D:\slicerProject\pinch_n_print_cli_2\target\dist-accelerated\developer\modules,D:\slicerProject\pinch_n_print_cli_2\tmp\3dbenchy.stl,D:\slicerProject\pinch_n_print_cli_2\target\matched-pair\s1-benchy\gcode\benchy-classic-off-pnp-accelerated-m3.gcode,D:\slicerProject\pinch_n_print_cli_2\target\matched-pair\s1-benchy\benchy-classic-off-pnp-accelerated-m3.stderr.jsonl,22.8769,116.6406,5.0986,348114944,7444400,274b228f65157a165ce6ac6171594781e88448bb431f482c33bcf4f383c715c6,"{""Internal Bridge"":12,""Bottom surface"":22,""Inner wall"":257,""Skirt"":1,""Sparse infill"":273,""Brim"":1,""Gap infill"":110,""Bridge"":18,""Outer wall"":240,""Internal solid infill"":13,""Top surface"":47}",ok,0,0,false,0,2026-09-22T22:57:45.755Z
benchy-classic-off-orca-m3,s1-benchy,classic-off,benchy,classic,off,orca,3,0,12,classic,classic,D:\slicerProject\pinch_n_print_cli_2\target\matched-pair\s1-benchy\orca-configs\derived-classic-support0.json,C:\Program Files\OrcaSlicer\orca-slicer.exe,,D:\slicerProject\pinch_n_print_cli_2\tmp\3dbenchy.stl,D:\slicerProject\pinch_n_print_cli_2\target\matched-pair\s1-benchy\gcode\benchy-classic-off-orca-m3.gcode,D:\slicerProject\pinch_n_print_cli_2\target\matched-pair\s1-benchy\benchy-classic-off-orca-m3.stderr.jsonl,3.2874,10.2031,3.1037,193675264,3890416,0934c463dc9128a45ecb190520bf95024acf259702636f4294e0e071f22b9810,"{""Internal Bridge"":12,""Outer wall"":743,""Bridge"":3,""Overhang wall"":84,""Custom"":2,""Gap infill"":777,""Brim"":1,""Sparse infill"":248,""Bottom surface"":5,""Internal solid infill"":312,""Top surface"":22,""Skirt"":1,""Inner wall"":612}",n/a,n/a,n/a,n/a,0,2026-09-22T22:57:49.152Z
benchy-classic-off-pnp-ordinary-m3,s1-benchy,classic-off,benchy,classic,off,pnp-ordinary,3,0,12,classic,classic,D:\slicerProject\pinch_n_print_cli_2\docs\specs\perf-vs-orca\evidence\matched-pair\configs\pnp-classic-supports-off.json,D:\slicerProject\pinch_n_print_cli_2\target\release\pnp_cli.exe,D:\slicerProject\pinch_n_print_cli_2\modules\core-modules,D:\slicerProject\pinch_n_print_cli_2\tmp\3dbenchy.stl,D:\slicerProject\pinch_n_print_cli_2\target\matched-pair\s1-benchy\gcode\benchy-classic-off-pnp-ordinary-m3.gcode,D:\slicerProject\pinch_n_print_cli_2\target\matched-pair\s1-benchy\benchy-classic-off-pnp-ordinary-m3.stderr.jsonl,30.1963,131.2344,4.346,340557824,7444752,f03a54bf33d6a76af9cf638d5dfbfd89ab625952d8a69ae65bb3d9d1e204913c,"{""Internal Bridge"":12,""Bottom surface"":22,""Inner wall"":257,""Skirt"":1,""Sparse infill"":273,""Brim"":1,""Gap infill"":110,""Bridge"":18,""Outer wall"":240,""Internal solid infill"":13,""Top surface"":47}",ok,0,0,false,0,2026-09-22T22:58:19.798Z
benchy-arachne-off-orca-w1,s1-benchy,arachne-off,benchy,arachne,off,orca,1,1,12,arachne,arachne,D:\slicerProject\pinch_n_print_cli_2\target\matched-pair\s1-benchy\orca-configs\derived-arachne-support0.json,C:\Program Files\OrcaSlicer\orca-slicer.exe,,D:\slicerProject\pinch_n_print_cli_2\tmp\3dbenchy.stl,D:\slicerProject\pinch_n_print_cli_2\target\matched-pair\s1-benchy\gcode\benchy-arachne-off-orca-w1.gcode,D:\slicerProject\pinch_n_print_cli_2\target\matched-pair\s1-benchy\benchy-arachne-off-orca-w1.stderr.jsonl,3.0094,10.6875,3.5513,208232448,4675509,0f539ffe0654ef80ac4e7d9e2e271ed52417dca14df0054c0dd86d7e5dc8fb85,"{""Internal Bridge"":11,""Outer wall"":753,""Bridge"":9,""Overhang wall"":84,""Custom"":2,""Brim"":1,""Sparse infill"":241,""Bottom surface"":2,""Internal solid infill"":557,""Top surface"":29,""Skirt"":1,""Inner wall"":663}",n/a,n/a,n/a,n/a,0,2026-09-22T22:58:22.931Z
benchy-arachne-off-pnp-ordinary-w1,s1-benchy,arachne-off,benchy,arachne,off,pnp-ordinary,1,1,12,arachne,arachne,D:\slicerProject\pinch_n_print_cli_2\docs\specs\perf-vs-orca\evidence\matched-pair\configs\pnp-arachne-supports-off.json,D:\slicerProject\pinch_n_print_cli_2\target\release\pnp_cli.exe,D:\slicerProject\pinch_n_print_cli_2\modules\core-modules,D:\slicerProject\pinch_n_print_cli_2\tmp\3dbenchy.stl,D:\slicerProject\pinch_n_print_cli_2\target\matched-pair\s1-benchy\gcode\benchy-arachne-off-pnp-ordinary-w1.gcode,D:\slicerProject\pinch_n_print_cli_2\target\matched-pair\s1-benchy\benchy-arachne-off-pnp-ordinary-w1.stderr.jsonl,19.8222,75.3281,3.8002,245784576,4705596,52d83ca60ae7e98203377fb85943fb5a3874c4168d7a9e9a08fc90342c04496d,"{""Internal Bridge"":12,""Bottom surface"":25,""Inner wall"":681,""Skirt"":1,""Sparse infill"":248,""Brim"":1,""Bridge"":21,""Outer wall"":692,""Internal solid infill"":13,""Top surface"":60}",ok,0,0,false,0,2026-09-22T22:58:43.035Z
benchy-arachne-off-pnp-accelerated-w1,s1-benchy,arachne-off,benchy,arachne,off,pnp-accelerated,1,1,12,arachne,arachne,D:\slicerProject\pinch_n_print_cli_2\docs\specs\perf-vs-orca\evidence\matched-pair\configs\pnp-arachne-supports-off.json,D:\slicerProject\pinch_n_print_cli_2\target\dist-accelerated\developer\pnp_cli.exe,D:\slicerProject\pinch_n_print_cli_2\target\dist-accelerated\developer\modules,D:\slicerProject\pinch_n_print_cli_2\tmp\3dbenchy.stl,D:\slicerProject\pinch_n_print_cli_2\target\matched-pair\s1-benchy\gcode\benchy-arachne-off-pnp-accelerated-w1.gcode,D:\slicerProject\pinch_n_print_cli_2\target\matched-pair\s1-benchy\benchy-arachne-off-pnp-accelerated-w1.stderr.jsonl,20.7732,75.9219,3.6548,244760576,4705596,52d83ca60ae7e98203377fb85943fb5a3874c4168d7a9e9a08fc90342c04496d,"{""Internal Bridge"":12,""Bottom surface"":25,""Inner wall"":681,""Skirt"":1,""Sparse infill"":248,""Brim"":1,""Bridge"":21,""Outer wall"":692,""Internal solid infill"":13,""Top surface"":60}",ok,0,0,false,0,2026-09-22T22:59:04.133Z
benchy-arachne-off-orca-m1,s1-benchy,arachne-off,benchy,arachne,off,orca,1,0,12,arachne,arachne,D:\slicerProject\pinch_n_print_cli_2\target\matched-pair\s1-benchy\orca-configs\derived-arachne-support0.json,C:\Program Files\OrcaSlicer\orca-slicer.exe,,D:\slicerProject\pinch_n_print_cli_2\tmp\3dbenchy.stl,D:\slicerProject\pinch_n_print_cli_2\target\matched-pair\s1-benchy\gcode\benchy-arachne-off-orca-m1.gcode,D:\slicerProject\pinch_n_print_cli_2\target\matched-pair\s1-benchy\benchy-arachne-off-orca-m1.stderr.jsonl,3.1677,10.7969,3.4084,211238912,4681269,ab6c8ae87477bc60c48b7a09a76a2344b9d9b917d78f886610b19e2f502cf843,"{""Internal Bridge"":11,""Outer wall"":753,""Bridge"":9,""Overhang wall"":84,""Custom"":2,""Brim"":1,""Sparse infill"":241,""Bottom surface"":2,""Internal solid infill"":557,""Top surface"":29,""Skirt"":1,""Inner wall"":663}",n/a,n/a,n/a,n/a,0,2026-09-22T22:59:07.410Z
benchy-arachne-off-pnp-ordinary-m1,s1-benchy,arachne-off,benchy,arachne,off,pnp-ordinary,1,0,12,arachne,arachne,D:\slicerProject\pinch_n_print_cli_2\docs\specs\perf-vs-orca\evidence\matched-pair\configs\pnp-arachne-supports-off.json,D:\slicerProject\pinch_n_print_cli_2\target\release\pnp_cli.exe,D:\slicerProject\pinch_n_print_cli_2\modules\core-modules,D:\slicerProject\pinch_n_print_cli_2\tmp\3dbenchy.stl,D:\slicerProject\pinch_n_print_cli_2\target\matched-pair\s1-benchy\gcode\benchy-arachne-off-pnp-ordinary-m1.gcode,D:\slicerProject\pinch_n_print_cli_2\target\matched-pair\s1-benchy\benchy-arachne-off-pnp-ordinary-m1.stderr.jsonl,20.4924,75.7969,3.6988,240156672,4705596,52d83ca60ae7e98203377fb85943fb5a3874c4168d7a9e9a08fc90342c04496d,"{""Internal Bridge"":12,""Bottom surface"":25,""Inner wall"":681,""Skirt"":1,""Sparse infill"":248,""Brim"":1,""Bridge"":21,""Outer wall"":692,""Internal solid infill"":13,""Top surface"":60}",ok,0,0,false,0,2026-09-22T22:59:28.183Z
benchy-arachne-off-pnp-accelerated-m1,s1-benchy,arachne-off,benchy,arachne,off,pnp-accelerated,1,0,12,arachne,arachne,D:\slicerProject\pinch_n_print_cli_2\docs\specs\perf-vs-orca\evidence\matched-pair\configs\pnp-arachne-supports-off.json,D:\slicerProject\pinch_n_print_cli_2\target\dist-accelerated\developer\pnp_cli.exe,D:\slicerProject\pinch_n_print_cli_2\target\dist-accelerated\developer\modules,D:\slicerProject\pinch_n_print_cli_2\tmp\3dbenchy.stl,D:\slicerProject\pinch_n_print_cli_2\target\matched-pair\s1-benchy\gcode\benchy-arachne-off-pnp-accelerated-m1.gcode,D:\slicerProject\pinch_n_print_cli_2\target\matched-pair\s1-benchy\benchy-arachne-off-pnp-accelerated-m1.stderr.jsonl,19.2702,73.4688,3.8126,242868224,4705596,52d83ca60ae7e98203377fb85943fb5a3874c4168d7a9e9a08fc90342c04496d,"{""Internal Bridge"":12,""Bottom surface"":25,""Inner wall"":681,""Skirt"":1,""Sparse infill"":248,""Brim"":1,""Bridge"":21,""Outer wall"":692,""Internal solid infill"":13,""Top surface"":60}",ok,0,0,false,0,2026-09-22T22:59:47.803Z
benchy-arachne-off-pnp-ordinary-m2,s1-benchy,arachne-off,benchy,arachne,off,pnp-ordinary,2,0,12,arachne,arachne,D:\slicerProject\pinch_n_print_cli_2\docs\specs\perf-vs-orca\evidence\matched-pair\configs\pnp-arachne-supports-off.json,D:\slicerProject\pinch_n_print_cli_2\target\release\pnp_cli.exe,D:\slicerProject\pinch_n_print_cli_2\modules\core-modules,D:\slicerProject\pinch_n_print_cli_2\tmp\3dbenchy.stl,D:\slicerProject\pinch_n_print_cli_2\target\matched-pair\s1-benchy\gcode\benchy-arachne-off-pnp-ordinary-m2.gcode,D:\slicerProject\pinch_n_print_cli_2\target\matched-pair\s1-benchy\benchy-arachne-off-pnp-ordinary-m2.stderr.jsonl,20.8363,77.6094,3.7247,244113408,4705596,52d83ca60ae7e98203377fb85943fb5a3874c4168d7a9e9a08fc90342c04496d,"{""Internal Bridge"":12,""Bottom surface"":25,""Inner wall"":681,""Skirt"":1,""Sparse infill"":248,""Brim"":1,""Bridge"":21,""Outer wall"":692,""Internal solid infill"":13,""Top surface"":60}",ok,0,0,false,0,2026-09-22T23:00:08.880Z
benchy-arachne-off-pnp-accelerated-m2,s1-benchy,arachne-off,benchy,arachne,off,pnp-accelerated,2,0,12,arachne,arachne,D:\slicerProject\pinch_n_print_cli_2\docs\specs\perf-vs-orca\evidence\matched-pair\configs\pnp-arachne-supports-off.json,D:\slicerProject\pinch_n_print_cli_2\target\dist-accelerated\developer\pnp_cli.exe,D:\slicerProject\pinch_n_print_cli_2\target\dist-accelerated\developer\modules,D:\slicerProject\pinch_n_print_cli_2\tmp\3dbenchy.stl,D:\slicerProject\pinch_n_print_cli_2\target\matched-pair\s1-benchy\gcode\benchy-arachne-off-pnp-accelerated-m2.gcode,D:\slicerProject\pinch_n_print_cli_2\target\matched-pair\s1-benchy\benchy-arachne-off-pnp-accelerated-m2.stderr.jsonl,19.7135,75.3438,3.8219,243236864,4705596,52d83ca60ae7e98203377fb85943fb5a3874c4168d7a9e9a08fc90342c04496d,"{""Internal Bridge"":12,""Bottom surface"":25,""Inner wall"":681,""Skirt"":1,""Sparse infill"":248,""Brim"":1,""Bridge"":21,""Outer wall"":692,""Internal solid infill"":13,""Top surface"":60}",ok,0,0,false,0,2026-09-22T23:00:28.880Z
benchy-arachne-off-orca-m2,s1-benchy,arachne-off,benchy,arachne,off,orca,2,0,12,arachne,arachne,D:\slicerProject\pinch_n_print_cli_2\target\matched-pair\s1-benchy\orca-configs\derived-arachne-support0.json,C:\Program Files\OrcaSlicer\orca-slicer.exe,,D:\slicerProject\pinch_n_print_cli_2\tmp\3dbenchy.stl,D:\slicerProject\pinch_n_print_cli_2\target\matched-pair\s1-benchy\gcode\benchy-arachne-off-orca-m2.gcode,D:\slicerProject\pinch_n_print_cli_2\target\matched-pair\s1-benchy\benchy-arachne-off-orca-m2.stderr.jsonl,2.9578,10.4688,3.5394,205197312,4681269,1d302f63bab1d0fc6961b2fbc55f6c2ee3fb7259f0543384f083f29ec99b09af,"{""Internal Bridge"":11,""Outer wall"":753,""Bridge"":9,""Overhang wall"":84,""Custom"":2,""Brim"":1,""Sparse infill"":241,""Bottom surface"":2,""Internal solid infill"":557,""Top surface"":29,""Skirt"":1,""Inner wall"":663}",n/a,n/a,n/a,n/a,0,2026-09-22T23:00:31.933Z
benchy-arachne-off-pnp-accelerated-m3,s1-benchy,arachne-off,benchy,arachne,off,pnp-accelerated,3,0,12,arachne,arachne,D:\slicerProject\pinch_n_print_cli_2\docs\specs\perf-vs-orca\evidence\matched-pair\configs\pnp-arachne-supports-off.json,D:\slicerProject\pinch_n_print_cli_2\target\dist-accelerated\developer\pnp_cli.exe,D:\slicerProject\pinch_n_print_cli_2\target\dist-accelerated\developer\modules,D:\slicerProject\pinch_n_print_cli_2\tmp\3dbenchy.stl,D:\slicerProject\pinch_n_print_cli_2\target\matched-pair\s1-benchy\gcode\benchy-arachne-off-pnp-accelerated-m3.gcode,D:\slicerProject\pinch_n_print_cli_2\target\matched-pair\s1-benchy\benchy-arachne-off-pnp-accelerated-m3.stderr.jsonl,18.6237,73.9375,3.9701,241848320,4705596,52d83ca60ae7e98203377fb85943fb5a3874c4168d7a9e9a08fc90342c04496d,"{""Internal Bridge"":12,""Bottom surface"":25,""Inner wall"":681,""Skirt"":1,""Sparse infill"":248,""Brim"":1,""Bridge"":21,""Outer wall"":692,""Internal solid infill"":13,""Top surface"":60}",ok,0,0,false,0,2026-09-22T23:00:50.877Z
benchy-arachne-off-orca-m3,s1-benchy,arachne-off,benchy,arachne,off,orca,3,0,12,arachne,arachne,D:\slicerProject\pinch_n_print_cli_2\target\matched-pair\s1-benchy\orca-configs\derived-arachne-support0.json,C:\Program Files\OrcaSlicer\orca-slicer.exe,,D:\slicerProject\pinch_n_print_cli_2\tmp\3dbenchy.stl,D:\slicerProject\pinch_n_print_cli_2\target\matched-pair\s1-benchy\gcode\benchy-arachne-off-orca-m3.gcode,D:\slicerProject\pinch_n_print_cli_2\target\matched-pair\s1-benchy\benchy-arachne-off-orca-m3.stderr.jsonl,3.0673,11.2188,3.6576,209506304,4680789,9f774bbdbbfb0e0e92a59e4a60cdab88e62a8e7cebc14e5c59e6265cfd8159e4,"{""Internal Bridge"":11,""Outer wall"":753,""Bridge"":9,""Overhang wall"":84,""Custom"":2,""Brim"":1,""Sparse infill"":241,""Bottom surface"":2,""Internal solid infill"":557,""Top surface"":29,""Skirt"":1,""Inner wall"":663}",n/a,n/a,n/a,n/a,0,2026-09-22T23:00:54.039Z
benchy-arachne-off-pnp-ordinary-m3,s1-benchy,arachne-off,benchy,arachne,off,pnp-ordinary,3,0,12,arachne,arachne,D:\slicerProject\pinch_n_print_cli_2\docs\specs\perf-vs-orca\evidence\matched-pair\configs\pnp-arachne-supports-off.json,D:\slicerProject\pinch_n_print_cli_2\target\release\pnp_cli.exe,D:\slicerProject\pinch_n_print_cli_2\modules\core-modules,D:\slicerProject\pinch_n_print_cli_2\tmp\3dbenchy.stl,D:\slicerProject\pinch_n_print_cli_2\target\matched-pair\s1-benchy\gcode\benchy-arachne-off-pnp-ordinary-m3.gcode,D:\slicerProject\pinch_n_print_cli_2\target\matched-pair\s1-benchy\benchy-arachne-off-pnp-ordinary-m3.stderr.jsonl,20.0477,75.7656,3.7793,242302976,4705596,52d83ca60ae7e98203377fb85943fb5a3874c4168d7a9e9a08fc90342c04496d,"{""Internal Bridge"":12,""Bottom surface"":25,""Inner wall"":681,""Skirt"":1,""Sparse infill"":248,""Brim"":1,""Bridge"":21,""Outer wall"":692,""Internal solid infill"":13,""Top surface"":60}",ok,0,0,false,0,2026-09-22T23:01:14.391Z
benchy-classic-on-orca-w1,s1-benchy,classic-on,benchy,classic,on,orca,1,1,12,classic,classic,D:\slicerProject\pinch_n_print_cli_2\target\matched-pair\s1-benchy\orca-configs\derived-classic-support1.json,C:\Program Files\OrcaSlicer\orca-slicer.exe,,D:\slicerProject\pinch_n_print_cli_2\tmp\3dbenchy.stl,D:\slicerProject\pinch_n_print_cli_2\target\matched-pair\s1-benchy\gcode\benchy-classic-on-orca-w1.gcode,D:\slicerProject\pinch_n_print_cli_2\target\matched-pair\s1-benchy\benchy-classic-on-orca-w1.stderr.jsonl,3.6285,14.875,4.0995,298168320,8929087,295a4f969859b6f50faeae7f084028ee67c5ee07f9761d11201b32e9055aacd0,"{""Internal solid infill"":314,""Gap infill"":783,""Internal Bridge"":10,""Bridge"":3,""Overhang wall"":83,""Custom"":2,""Brim"":1,""Support"":231,""Sparse infill"":256,""Support interface"":10,""Bottom surface"":5,""Outer wall"":741,""Top surface"":22,""Skirt"":1,""Inner wall"":611}",n/a,n/a,n/a,n/a,0,2026-09-22T23:01:18.166Z
benchy-classic-on-pnp-ordinary-w1,s1-benchy,classic-on,benchy,classic,on,pnp-ordinary,1,1,12,classic,classic,D:\slicerProject\pinch_n_print_cli_2\docs\specs\perf-vs-orca\evidence\matched-pair\configs\pnp-classic-supports-on.json,D:\slicerProject\pinch_n_print_cli_2\target\release\pnp_cli.exe,D:\slicerProject\pinch_n_print_cli_2\modules\core-modules,D:\slicerProject\pinch_n_print_cli_2\tmp\3dbenchy.stl,D:\slicerProject\pinch_n_print_cli_2\target\matched-pair\s1-benchy\gcode\benchy-classic-on-pnp-ordinary-w1.gcode,D:\slicerProject\pinch_n_print_cli_2\target\matched-pair\s1-benchy\benchy-classic-on-pnp-ordinary-w1.stderr.jsonl,34.8934,161.1875,4.6194,804265984,15002501,8a62dfabb01459f0b734160814f258a18c0e330f292696118d8195ac551ba1c3,"{""Internal Bridge"":12,""Outer wall"":240,""Bridge"":18,""Gap infill"":110,""Brim"":1,""Support"":179,""Sparse infill"":273,""Support interface"":4,""Bottom surface"":22,""Internal solid infill"":13,""Top surface"":47,""Skirt"":1,""Inner wall"":258}",ok,0,0,false,0,2026-09-22T23:01:53.873Z
benchy-classic-on-pnp-accelerated-w1,s1-benchy,classic-on,benchy,classic,on,pnp-accelerated,1,1,12,classic,classic,D:\slicerProject\pinch_n_print_cli_2\docs\specs\perf-vs-orca\evidence\matched-pair\configs\pnp-classic-supports-on.json,D:\slicerProject\pinch_n_print_cli_2\target\dist-accelerated\developer\pnp_cli.exe,D:\slicerProject\pinch_n_print_cli_2\target\dist-accelerated\developer\modules,D:\slicerProject\pinch_n_print_cli_2\tmp\3dbenchy.stl,D:\slicerProject\pinch_n_print_cli_2\target\matched-pair\s1-benchy\gcode\benchy-classic-on-pnp-accelerated-w1.gcode,D:\slicerProject\pinch_n_print_cli_2\target\matched-pair\s1-benchy\benchy-classic-on-pnp-accelerated-w1.stderr.jsonl,35.0123,140.2344,4.0053,801292288,15002139,9d6555c7f9e1e537478b18befcaec050c321dbea34f679e9174d03d07b6c3a82,"{""Internal Bridge"":12,""Outer wall"":240,""Bridge"":18,""Gap infill"":110,""Brim"":1,""Support"":179,""Sparse infill"":273,""Support interface"":4,""Bottom surface"":22,""Internal solid infill"":13,""Top surface"":47,""Skirt"":1,""Inner wall"":256}",ok,0,0,false,0,2026-09-22T23:02:29.749Z
benchy-classic-on-orca-m1,s1-benchy,classic-on,benchy,classic,on,orca,1,0,12,classic,classic,D:\slicerProject\pinch_n_print_cli_2\target\matched-pair\s1-benchy\orca-configs\derived-classic-support1.json,C:\Program Files\OrcaSlicer\orca-slicer.exe,,D:\slicerProject\pinch_n_print_cli_2\tmp\3dbenchy.stl,D:\slicerProject\pinch_n_print_cli_2\target\matched-pair\s1-benchy\gcode\benchy-classic-on-orca-m1.gcode,D:\slicerProject\pinch_n_print_cli_2\target\matched-pair\s1-benchy\benchy-classic-on-orca-m1.stderr.jsonl,3.7416,14.7656,3.9463,298106880,8929087,b17718115f9adf099c1da969b16f0e11f294ec17a959313f38d6699cd92bdb07,"{""Internal solid infill"":314,""Gap infill"":783,""Internal Bridge"":10,""Bridge"":3,""Overhang wall"":83,""Custom"":2,""Brim"":1,""Support"":231,""Sparse infill"":256,""Support interface"":10,""Bottom surface"":5,""Outer wall"":741,""Top surface"":22,""Skirt"":1,""Inner wall"":611}",n/a,n/a,n/a,n/a,0,2026-09-22T23:02:33.629Z
benchy-classic-on-pnp-ordinary-m1,s1-benchy,classic-on,benchy,classic,on,pnp-ordinary,1,0,12,classic,classic,D:\slicerProject\pinch_n_print_cli_2\docs\specs\perf-vs-orca\evidence\matched-pair\configs\pnp-classic-supports-on.json,D:\slicerProject\pinch_n_print_cli_2\target\release\pnp_cli.exe,D:\slicerProject\pinch_n_print_cli_2\modules\core-modules,D:\slicerProject\pinch_n_print_cli_2\tmp\3dbenchy.stl,D:\slicerProject\pinch_n_print_cli_2\target\matched-pair\s1-benchy\gcode\benchy-classic-on-pnp-ordinary-m1.gcode,D:\slicerProject\pinch_n_print_cli_2\target\matched-pair\s1-benchy\benchy-classic-on-pnp-ordinary-m1.stderr.jsonl,34.9175,157.25,4.5035,800317440,15002025,d34f5f3b32cf8248e21166fe02bbd34ee06db34ae6a557f8ac8ea06f6e48f571,"{""Internal Bridge"":12,""Outer wall"":240,""Bridge"":18,""Gap infill"":110,""Brim"":1,""Support"":179,""Sparse infill"":273,""Support interface"":4,""Bottom surface"":22,""Internal solid infill"":13,""Top surface"":47,""Skirt"":1,""Inner wall"":254}",ok,0,0,false,0,2026-09-22T23:03:09.226Z
benchy-classic-on-pnp-accelerated-m1,s1-benchy,classic-on,benchy,classic,on,pnp-accelerated,1,0,12,classic,classic,D:\slicerProject\pinch_n_print_cli_2\docs\specs\perf-vs-orca\evidence\matched-pair\configs\pnp-classic-supports-on.json,D:\slicerProject\pinch_n_print_cli_2\target\dist-accelerated\developer\pnp_cli.exe,D:\slicerProject\pinch_n_print_cli_2\target\dist-accelerated\developer\modules,D:\slicerProject\pinch_n_print_cli_2\tmp\3dbenchy.stl,D:\slicerProject\pinch_n_print_cli_2\target\matched-pair\s1-benchy\gcode\benchy-classic-on-pnp-accelerated-m1.gcode,D:\slicerProject\pinch_n_print_cli_2\target\matched-pair\s1-benchy\benchy-classic-on-pnp-accelerated-m1.stderr.jsonl,32.9799,139.8906,4.2417,823025664,15001914,315591f22d1037e3088bc020a6d6a23f928d3962bf5ec5be40a43f543164d7a4,"{""Internal Bridge"":12,""Outer wall"":240,""Bridge"":18,""Gap infill"":110,""Brim"":1,""Support"":179,""Sparse infill"":273,""Support interface"":4,""Bottom surface"":22,""Internal solid infill"":13,""Top surface"":47,""Skirt"":1,""Inner wall"":254}",ok,0,0,false,0,2026-09-22T23:03:42.962Z
benchy-classic-on-pnp-ordinary-m2,s1-benchy,classic-on,benchy,classic,on,pnp-ordinary,2,0,12,classic,classic,D:\slicerProject\pinch_n_print_cli_2\docs\specs\perf-vs-orca\evidence\matched-pair\configs\pnp-classic-supports-on.json,D:\slicerProject\pinch_n_print_cli_2\target\release\pnp_cli.exe,D:\slicerProject\pinch_n_print_cli_2\modules\core-modules,D:\slicerProject\pinch_n_print_cli_2\tmp\3dbenchy.stl,D:\slicerProject\pinch_n_print_cli_2\target\matched-pair\s1-benchy\gcode\benchy-classic-on-pnp-ordinary-m2.gcode,D:\slicerProject\pinch_n_print_cli_2\target\matched-pair\s1-benchy\benchy-classic-on-pnp-ordinary-m2.stderr.jsonl,36.7251,160.5,4.3703,815853568,15002448,4b555adb6aa0ed2ddce4ce8890f22a81709090726a0b09664ec0bb37d8168a6b,"{""Internal Bridge"":12,""Outer wall"":240,""Bridge"":18,""Gap infill"":110,""Brim"":1,""Support"":179,""Sparse infill"":273,""Support interface"":4,""Bottom surface"":22,""Internal solid infill"":13,""Top surface"":47,""Skirt"":1,""Inner wall"":257}",ok,0,0,false,0,2026-09-22T23:04:20.809Z
benchy-classic-on-pnp-accelerated-m2,s1-benchy,classic-on,benchy,classic,on,pnp-accelerated,2,0,12,classic,classic,D:\slicerProject\pinch_n_print_cli_2\docs\specs\perf-vs-orca\evidence\matched-pair\configs\pnp-classic-supports-on.json,D:\slicerProject\pinch_n_print_cli_2\target\dist-accelerated\developer\pnp_cli.exe,D:\slicerProject\pinch_n_print_cli_2\target\dist-accelerated\developer\modules,D:\slicerProject\pinch_n_print_cli_2\tmp\3dbenchy.stl,D:\slicerProject\pinch_n_print_cli_2\target\matched-pair\s1-benchy\gcode\benchy-classic-on-pnp-accelerated-m2.gcode,D:\slicerProject\pinch_n_print_cli_2\target\matched-pair\s1-benchy\benchy-classic-on-pnp-accelerated-m2.stderr.jsonl,33.8756,140.2812,4.1411,819044352,15001960,ad52e091a6c36da4b609d098e7358dafd001cd9982fc49e118dd7df7183d2aba,"{""Internal Bridge"":12,""Outer wall"":240,""Bridge"":18,""Gap infill"":110,""Brim"":1,""Support"":179,""Sparse infill"":273,""Support interface"":4,""Bottom surface"":22,""Internal solid infill"":13,""Top surface"":47,""Skirt"":1,""Inner wall"":254}",ok,0,0,false,0,2026-09-22T23:04:55.497Z
benchy-classic-on-orca-m2,s1-benchy,classic-on,benchy,classic,on,orca,2,0,12,classic,classic,D:\slicerProject\pinch_n_print_cli_2\target\matched-pair\s1-benchy\orca-configs\derived-classic-support1.json,C:\Program Files\OrcaSlicer\orca-slicer.exe,,D:\slicerProject\pinch_n_print_cli_2\tmp\3dbenchy.stl,D:\slicerProject\pinch_n_print_cli_2\target\matched-pair\s1-benchy\gcode\benchy-classic-on-orca-m2.gcode,D:\slicerProject\pinch_n_print_cli_2\target\matched-pair\s1-benchy\benchy-classic-on-orca-m2.stderr.jsonl,3.8565,15.5625,4.0354,295936000,8923327,64d95e80a359f99120148a332784af3532d1e4e5df2d8106c8ace87ad3b5edfc,"{""Internal solid infill"":314,""Gap infill"":783,""Internal Bridge"":10,""Bridge"":3,""Overhang wall"":83,""Custom"":2,""Brim"":1,""Support"":231,""Sparse infill"":256,""Support interface"":10,""Bottom surface"":5,""Outer wall"":741,""Top surface"":22,""Skirt"":1,""Inner wall"":611}",n/a,n/a,n/a,n/a,0,2026-09-22T23:04:59.538Z
benchy-classic-on-pnp-accelerated-m3,s1-benchy,classic-on,benchy,classic,on,pnp-accelerated,3,0,12,classic,classic,D:\slicerProject\pinch_n_print_cli_2\docs\specs\perf-vs-orca\evidence\matched-pair\configs\pnp-classic-supports-on.json,D:\slicerProject\pinch_n_print_cli_2\target\dist-accelerated\developer\pnp_cli.exe,D:\slicerProject\pinch_n_print_cli_2\target\dist-accelerated\developer\modules,D:\slicerProject\pinch_n_print_cli_2\tmp\3dbenchy.stl,D:\slicerProject\pinch_n_print_cli_2\target\matched-pair\s1-benchy\gcode\benchy-classic-on-pnp-accelerated-m3.gcode,D:\slicerProject\pinch_n_print_cli_2\target\matched-pair\s1-benchy\benchy-classic-on-pnp-accelerated-m3.stderr.jsonl,33.713,140.2031,4.1587,812744704,15002608,0ea98758628c2818d0ac6adb6df21af996a3d5b0258ecf4fb26e72e7a1c4ea3f,"{""Internal Bridge"":12,""Outer wall"":240,""Bridge"":18,""Gap infill"":110,""Brim"":1,""Support"":179,""Sparse infill"":273,""Support interface"":4,""Bottom surface"":22,""Internal solid infill"":13,""Top surface"":47,""Skirt"":1,""Inner wall"":258}",ok,0,0,false,0,2026-09-22T23:05:33.940Z
benchy-classic-on-orca-m3,s1-benchy,classic-on,benchy,classic,on,orca,3,0,12,classic,classic,D:\slicerProject\pinch_n_print_cli_2\target\matched-pair\s1-benchy\orca-configs\derived-classic-support1.json,C:\Program Files\OrcaSlicer\orca-slicer.exe,,D:\slicerProject\pinch_n_print_cli_2\tmp\3dbenchy.stl,D:\slicerProject\pinch_n_print_cli_2\target\matched-pair\s1-benchy\gcode\benchy-classic-on-orca-m3.gcode,D:\slicerProject\pinch_n_print_cli_2\target\matched-pair\s1-benchy\benchy-classic-on-orca-m3.stderr.jsonl,3.5518,14.5938,4.1088,314138624,8923327,50899478f352ce39b3959a70a8e511eb288ccb8913668feda0932684a567195c,"{""Internal solid infill"":314,""Gap infill"":783,""Internal Bridge"":10,""Bridge"":3,""Overhang wall"":83,""Custom"":2,""Brim"":1,""Support"":231,""Sparse infill"":256,""Support interface"":10,""Bottom surface"":5,""Outer wall"":741,""Top surface"":22,""Skirt"":1,""Inner wall"":611}",n/a,n/a,n/a,n/a,0,2026-09-22T23:05:37.654Z
benchy-classic-on-pnp-ordinary-m3,s1-benchy,classic-on,benchy,classic,on,pnp-ordinary,3,0,12,classic,classic,D:\slicerProject\pinch_n_print_cli_2\docs\specs\perf-vs-orca\evidence\matched-pair\configs\pnp-classic-supports-on.json,D:\slicerProject\pinch_n_print_cli_2\target\release\pnp_cli.exe,D:\slicerProject\pinch_n_print_cli_2\modules\core-modules,D:\slicerProject\pinch_n_print_cli_2\tmp\3dbenchy.stl,D:\slicerProject\pinch_n_print_cli_2\target\matched-pair\s1-benchy\gcode\benchy-classic-on-pnp-ordinary-m3.gcode,D:\slicerProject\pinch_n_print_cli_2\target\matched-pair\s1-benchy\benchy-classic-on-pnp-ordinary-m3.stderr.jsonl,34.8974,157.9844,4.5271,808112128,15002793,e0baaad2a326ce4072dd87f610276f3582b2f32f94dba63bcc66ca827c337d52,"{""Internal Bridge"":12,""Outer wall"":240,""Bridge"":18,""Gap infill"":110,""Brim"":1,""Support"":179,""Sparse infill"":273,""Support interface"":4,""Bottom surface"":22,""Internal solid infill"":13,""Top surface"":47,""Skirt"":1,""Inner wall"":259}",ok,0,0,false,0,2026-09-22T23:06:13.294Z
benchy-arachne-on-orca-w1,s1-benchy,arachne-on,benchy,arachne,on,orca,1,1,12,arachne,arachne,D:\slicerProject\pinch_n_print_cli_2\target\matched-pair\s1-benchy\orca-configs\derived-arachne-support1.json,C:\Program Files\OrcaSlicer\orca-slicer.exe,,D:\slicerProject\pinch_n_print_cli_2\tmp\3dbenchy.stl,D:\slicerProject\pinch_n_print_cli_2\target\matched-pair\s1-benchy\gcode\benchy-arachne-on-orca-w1.gcode,D:\slicerProject\pinch_n_print_cli_2\target\matched-pair\s1-benchy\benchy-arachne-on-orca-w1.stderr.jsonl,4.4661,17.1719,3.8449,301174784,9728085,f438f3f73958abf1b94b30fb243ad9038d73152cc4b7f511e38fd09c1e4f0d93,"{""Internal solid infill"":565,""Sparse infill"":249,""Internal Bridge"":9,""Bridge"":9,""Overhang wall"":83,""Custom"":2,""Brim"":1,""Support"":231,""Support interface"":10,""Bottom surface"":2,""Outer wall"":750,""Top surface"":28,""Skirt"":1,""Inner wall"":668}",n/a,n/a,n/a,n/a,0,2026-09-22T23:06:17.994Z
benchy-arachne-on-pnp-ordinary-w1,s1-benchy,arachne-on,benchy,arachne,on,pnp-ordinary,1,1,12,arachne,arachne,D:\slicerProject\pinch_n_print_cli_2\docs\specs\perf-vs-orca\evidence\matched-pair\configs\pnp-arachne-supports-on.json,D:\slicerProject\pinch_n_print_cli_2\target\release\pnp_cli.exe,D:\slicerProject\pinch_n_print_cli_2\modules\core-modules,D:\slicerProject\pinch_n_print_cli_2\tmp\3dbenchy.stl,D:\slicerProject\pinch_n_print_cli_2\target\matched-pair\s1-benchy\gcode\benchy-arachne-on-pnp-ordinary-w1.gcode,D:\slicerProject\pinch_n_print_cli_2\target\matched-pair\s1-benchy\benchy-arachne-on-pnp-ordinary-w1.stderr.jsonl,32.704,104.2656,3.1882,708734976,12263676,863ccadb3a92bbdc48641edf1d289d3ee2ad0c812503aba63a0bc1d02ce3ae8f,"{""Internal Bridge"":12,""Outer wall"":692,""Bridge"":21,""Brim"":1,""Support"":179,""Sparse infill"":248,""Support interface"":4,""Bottom surface"":25,""Internal solid infill"":13,""Top surface"":60,""Skirt"":1,""Inner wall"":681}",ok,0,0,false,0,2026-09-22T23:06:51.449Z
benchy-arachne-on-pnp-accelerated-w1,s1-benchy,arachne-on,benchy,arachne,on,pnp-accelerated,1,1,12,arachne,arachne,D:\slicerProject\pinch_n_print_cli_2\docs\specs\perf-vs-orca\evidence\matched-pair\configs\pnp-arachne-supports-on.json,D:\slicerProject\pinch_n_print_cli_2\target\dist-accelerated\developer\pnp_cli.exe,D:\slicerProject\pinch_n_print_cli_2\target\dist-accelerated\developer\modules,D:\slicerProject\pinch_n_print_cli_2\tmp\3dbenchy.stl,D:\slicerProject\pinch_n_print_cli_2\target\matched-pair\s1-benchy\gcode\benchy-arachne-on-pnp-accelerated-w1.gcode,D:\slicerProject\pinch_n_print_cli_2\target\matched-pair\s1-benchy\benchy-arachne-on-pnp-accelerated-w1.stderr.jsonl,30.7267,99.9375,3.2525,705036288,12263676,863ccadb3a92bbdc48641edf1d289d3ee2ad0c812503aba63a0bc1d02ce3ae8f,"{""Internal Bridge"":12,""Outer wall"":692,""Bridge"":21,""Brim"":1,""Support"":179,""Sparse infill"":248,""Support interface"":4,""Bottom surface"":25,""Internal solid infill"":13,""Top surface"":60,""Skirt"":1,""Inner wall"":681}",ok,0,0,false,0,2026-09-22T23:07:22.763Z
benchy-arachne-on-orca-m1,s1-benchy,arachne-on,benchy,arachne,on,orca,1,0,12,arachne,arachne,D:\slicerProject\pinch_n_print_cli_2\target\matched-pair\s1-benchy\orca-configs\derived-arachne-support1.json,C:\Program Files\OrcaSlicer\orca-slicer.exe,,D:\slicerProject\pinch_n_print_cli_2\tmp\3dbenchy.stl,D:\slicerProject\pinch_n_print_cli_2\target\matched-pair\s1-benchy\gcode\benchy-arachne-on-orca-m1.gcode,D:\slicerProject\pinch_n_print_cli_2\target\matched-pair\s1-benchy\benchy-arachne-on-orca-m1.stderr.jsonl,3.8256,15.1562,3.9618,300580864,9718965,ba113e176b4bd5336d89e4441ed7affc23293572dde4994548fd29d39ee895f8,"{""Internal solid infill"":565,""Sparse infill"":249,""Internal Bridge"":9,""Bridge"":9,""Overhang wall"":83,""Custom"":2,""Brim"":1,""Support"":231,""Support interface"":10,""Bottom surface"":2,""Outer wall"":750,""Top surface"":28,""Skirt"":1,""Inner wall"":668}",n/a,n/a,n/a,n/a,0,2026-09-22T23:07:26.754Z
benchy-arachne-on-pnp-ordinary-m1,s1-benchy,arachne-on,benchy,arachne,on,pnp-ordinary,1,0,12,arachne,arachne,D:\slicerProject\pinch_n_print_cli_2\docs\specs\perf-vs-orca\evidence\matched-pair\configs\pnp-arachne-supports-on.json,D:\slicerProject\pinch_n_print_cli_2\target\release\pnp_cli.exe,D:\slicerProject\pinch_n_print_cli_2\modules\core-modules,D:\slicerProject\pinch_n_print_cli_2\tmp\3dbenchy.stl,D:\slicerProject\pinch_n_print_cli_2\target\matched-pair\s1-benchy\gcode\benchy-arachne-on-pnp-ordinary-m1.gcode,D:\slicerProject\pinch_n_print_cli_2\target\matched-pair\s1-benchy\benchy-arachne-on-pnp-ordinary-m1.stderr.jsonl,33.2415,102.6406,3.0877,720601088,12263676,863ccadb3a92bbdc48641edf1d289d3ee2ad0c812503aba63a0bc1d02ce3ae8f,"{""Internal Bridge"":12,""Outer wall"":692,""Bridge"":21,""Brim"":1,""Support"":179,""Sparse infill"":248,""Support interface"":4,""Bottom surface"":25,""Internal solid infill"":13,""Top surface"":60,""Skirt"":1,""Inner wall"":681}",ok,0,0,false,0,2026-09-22T23:08:00.877Z
benchy-arachne-on-pnp-accelerated-m1,s1-benchy,arachne-on,benchy,arachne,on,pnp-accelerated,1,0,12,arachne,arachne,D:\slicerProject\pinch_n_print_cli_2\docs\specs\perf-vs-orca\evidence\matched-pair\configs\pnp-arachne-supports-on.json,D:\slicerProject\pinch_n_print_cli_2\target\dist-accelerated\developer\pnp_cli.exe,D:\slicerProject\pinch_n_print_cli_2\target\dist-accelerated\developer\modules,D:\slicerProject\pinch_n_print_cli_2\tmp\3dbenchy.stl,D:\slicerProject\pinch_n_print_cli_2\target\matched-pair\s1-benchy\gcode\benchy-arachne-on-pnp-accelerated-m1.gcode,D:\slicerProject\pinch_n_print_cli_2\target\matched-pair\s1-benchy\benchy-arachne-on-pnp-accelerated-m1.stderr.jsonl,35.1936,103.1875,2.932,718745600,12263676,863ccadb3a92bbdc48641edf1d289d3ee2ad0c812503aba63a0bc1d02ce3ae8f,"{""Internal Bridge"":12,""Outer wall"":692,""Bridge"":21,""Brim"":1,""Support"":179,""Sparse infill"":248,""Support interface"":4,""Bottom surface"":25,""Internal solid infill"":13,""Top surface"":60,""Skirt"":1,""Inner wall"":681}",ok,0,0,false,0,2026-09-22T23:08:36.831Z
benchy-arachne-on-pnp-ordinary-m2,s1-benchy,arachne-on,benchy,arachne,on,pnp-ordinary,2,0,12,arachne,arachne,D:\slicerProject\pinch_n_print_cli_2\docs\specs\perf-vs-orca\evidence\matched-pair\configs\pnp-arachne-supports-on.json,D:\slicerProject\pinch_n_print_cli_2\target\release\pnp_cli.exe,D:\slicerProject\pinch_n_print_cli_2\modules\core-modules,D:\slicerProject\pinch_n_print_cli_2\tmp\3dbenchy.stl,D:\slicerProject\pinch_n_print_cli_2\target\matched-pair\s1-benchy\gcode\benchy-arachne-on-pnp-ordinary-m2.gcode,D:\slicerProject\pinch_n_print_cli_2\target\matched-pair\s1-benchy\benchy-arachne-on-pnp-ordinary-m2.stderr.jsonl,53.99,105.9844,1.963,719867904,12263676,863ccadb3a92bbdc48641edf1d289d3ee2ad0c812503aba63a0bc1d02ce3ae8f,"{""Internal Bridge"":12,""Outer wall"":692,""Bridge"":21,""Brim"":1,""Support"":179,""Sparse infill"":248,""Support interface"":4,""Bottom surface"":25,""Internal solid infill"":13,""Top surface"":60,""Skirt"":1,""Inner wall"":681}",ok,0,0,false,0,2026-09-22T23:09:31.403Z
benchy-arachne-on-pnp-accelerated-m2,s1-benchy,arachne-on,benchy,arachne,on,pnp-accelerated,2,0,12,arachne,arachne,D:\slicerProject\pinch_n_print_cli_2\docs\specs\perf-vs-orca\evidence\matched-pair\configs\pnp-arachne-supports-on.json,D:\slicerProject\pinch_n_print_cli_2\target\dist-accelerated\developer\pnp_cli.exe,D:\slicerProject\pinch_n_print_cli_2\target\dist-accelerated\developer\modules,D:\slicerProject\pinch_n_print_cli_2\tmp\3dbenchy.stl,D:\slicerProject\pinch_n_print_cli_2\target\matched-pair\s1-benchy\gcode\benchy-arachne-on-pnp-accelerated-m2.gcode,D:\slicerProject\pinch_n_print_cli_2\target\matched-pair\s1-benchy\benchy-arachne-on-pnp-accelerated-m2.stderr.jsonl,31.0371,100.9062,3.2511,720510976,12263676,863ccadb3a92bbdc48641edf1d289d3ee2ad0c812503aba63a0bc1d02ce3ae8f,"{""Internal Bridge"":12,""Outer wall"":692,""Bridge"":21,""Brim"":1,""Support"":179,""Sparse infill"":248,""Support interface"":4,""Bottom surface"":25,""Internal solid infill"":13,""Top surface"":60,""Skirt"":1,""Inner wall"":681}",ok,0,0,false,0,2026-09-22T23:10:02.990Z
benchy-arachne-on-orca-m2,s1-benchy,arachne-on,benchy,arachne,on,orca,2,0,12,arachne,arachne,D:\slicerProject\pinch_n_print_cli_2\target\matched-pair\s1-benchy\orca-configs\derived-arachne-support1.json,C:\Program Files\OrcaSlicer\orca-slicer.exe,,D:\slicerProject\pinch_n_print_cli_2\tmp\3dbenchy.stl,D:\slicerProject\pinch_n_print_cli_2\target\matched-pair\s1-benchy\gcode\benchy-arachne-on-orca-m2.gcode,D:\slicerProject\pinch_n_print_cli_2\target\matched-pair\s1-benchy\benchy-arachne-on-orca-m2.stderr.jsonl,3.872,15.9688,4.1241,302100480,9718965,3497c9e37031d9f33526e14e85dc56d6b090c7fbe43a66b15e5d9edee676e0ac,"{""Internal solid infill"":565,""Sparse infill"":249,""Internal Bridge"":9,""Bridge"":9,""Overhang wall"":83,""Custom"":2,""Brim"":1,""Support"":231,""Support interface"":10,""Bottom surface"":2,""Outer wall"":750,""Top surface"":28,""Skirt"":1,""Inner wall"":668}",n/a,n/a,n/a,n/a,0,2026-09-22T23:10:07.062Z
benchy-arachne-on-pnp-accelerated-m3,s1-benchy,arachne-on,benchy,arachne,on,pnp-accelerated,3,0,12,arachne,arachne,D:\slicerProject\pinch_n_print_cli_2\docs\specs\perf-vs-orca\evidence\matched-pair\configs\pnp-arachne-supports-on.json,D:\slicerProject\pinch_n_print_cli_2\target\dist-accelerated\developer\pnp_cli.exe,D:\slicerProject\pinch_n_print_cli_2\target\dist-accelerated\developer\modules,D:\slicerProject\pinch_n_print_cli_2\tmp\3dbenchy.stl,D:\slicerProject\pinch_n_print_cli_2\target\matched-pair\s1-benchy\gcode\benchy-arachne-on-pnp-accelerated-m3.gcode,D:\slicerProject\pinch_n_print_cli_2\target\matched-pair\s1-benchy\benchy-arachne-on-pnp-accelerated-m3.stderr.jsonl,31.3947,100.9062,3.2141,710512640,12263676,863ccadb3a92bbdc48641edf1d289d3ee2ad0c812503aba63a0bc1d02ce3ae8f,"{""Internal Bridge"":12,""Outer wall"":692,""Bridge"":21,""Brim"":1,""Support"":179,""Sparse infill"":248,""Support interface"":4,""Bottom surface"":25,""Internal solid infill"":13,""Top surface"":60,""Skirt"":1,""Inner wall"":681}",ok,0,0,false,0,2026-09-22T23:10:39.111Z
benchy-arachne-on-orca-m3,s1-benchy,arachne-on,benchy,arachne,on,orca,3,0,12,arachne,arachne,D:\slicerProject\pinch_n_print_cli_2\target\matched-pair\s1-benchy\orca-configs\derived-arachne-support1.json,C:\Program Files\OrcaSlicer\orca-slicer.exe,,D:\slicerProject\pinch_n_print_cli_2\tmp\3dbenchy.stl,D:\slicerProject\pinch_n_print_cli_2\target\matched-pair\s1-benchy\gcode\benchy-arachne-on-orca-m3.gcode,D:\slicerProject\pinch_n_print_cli_2\target\matched-pair\s1-benchy\benchy-arachne-on-orca-m3.stderr.jsonl,3.7311,15.4688,4.1459,303542272,9718965,b3321020c8c80118d51de24c70e4d1afc36864b2ef65582f75b7f25443ce74a9,"{""Internal solid infill"":565,""Sparse infill"":249,""Internal Bridge"":9,""Bridge"":9,""Overhang wall"":83,""Custom"":2,""Brim"":1,""Support"":231,""Support interface"":10,""Bottom surface"":2,""Outer wall"":750,""Top surface"":28,""Skirt"":1,""Inner wall"":668}",n/a,n/a,n/a,n/a,0,2026-09-22T23:10:43.004Z
benchy-arachne-on-pnp-ordinary-m3,s1-benchy,arachne-on,benchy,arachne,on,pnp-ordinary,3,0,12,arachne,arachne,D:\slicerProject\pinch_n_print_cli_2\docs\specs\perf-vs-orca\evidence\matched-pair\configs\pnp-arachne-supports-on.json,D:\slicerProject\pinch_n_print_cli_2\target\release\pnp_cli.exe,D:\slicerProject\pinch_n_print_cli_2\modules\core-modules,D:\slicerProject\pinch_n_print_cli_2\tmp\3dbenchy.stl,D:\slicerProject\pinch_n_print_cli_2\target\matched-pair\s1-benchy\gcode\benchy-arachne-on-pnp-ordinary-m3.gcode,D:\slicerProject\pinch_n_print_cli_2\target\matched-pair\s1-benchy\benchy-arachne-on-pnp-ordinary-m3.stderr.jsonl,30.6057,101.8594,3.3281,720285696,12263676,863ccadb3a92bbdc48641edf1d289d3ee2ad0c812503aba63a0bc1d02ce3ae8f,"{""Internal Bridge"":12,""Outer wall"":692,""Bridge"":21,""Brim"":1,""Support"":179,""Sparse infill"":248,""Support interface"":4,""Bottom surface"":25,""Internal solid infill"":13,""Top surface"":60,""Skirt"":1,""Inner wall"":681}",ok,0,0,false,0,2026-09-22T23:11:14.197Z
