run_id,batch_vintage,vintage_status,fixture,generator,supports,tool,run_index,warmup,wall_seconds,cpu_seconds,cpu_wall_ratio,elapsed_ms,validation_ms,prepass_ms,per_layer_ms,postpass_ms,phases_sum_ms,tail_gap_ms,R_ms,write_and_overhead_ms,degraded,non_fatal_error_count,stderr_path,capture_status,missing_file_marker,phase_complete_count,slice_complete_count,phase_event_counts_json,slice_degraded,slice_fatal_error_count,slice_non_fatal_error_count,exit_code
benchy-classic-off-pnp-ordinary-w1,s1-benchy,matched-pair,benchy,classic,off,pnp-ordinary,1,true,23.2147,133.8281,5.7648,23049.000,116.000,7065.000,14441.000,519.000,22141.000,908.000,165.700,165.700,false,0,D:\slicerProject\pinch_n_print_cli_2\target\matched-pair\s1-benchy\benchy-classic-off-pnp-ordinary-w1.stderr.jsonl,complete,,4,1,"{""per_layer"":1,""postpass"":1,""prepass"":1,""validation"":1}",false,0,0,0
benchy-classic-off-pnp-accelerated-w1,s1-benchy,matched-pair,benchy,classic,off,pnp-accelerated,1,true,19.7256,112.7656,5.7167,19548.000,171.000,6761.000,11169.000,518.000,18619.000,929.000,177.600,177.600,false,0,D:\slicerProject\pinch_n_print_cli_2\target\matched-pair\s1-benchy\benchy-classic-off-pnp-accelerated-w1.stderr.jsonl,complete,,4,1,"{""per_layer"":1,""postpass"":1,""prepass"":1,""validation"":1}",false,0,0,0
benchy-classic-off-pnp-ordinary-m1,s1-benchy,matched-pair,benchy,classic,off,pnp-ordinary,1,false,20.6065,131.1875,6.3663,20431.000,122.000,6841.000,12015.000,550.000,19528.000,903.000,175.500,175.500,false,0,D:\slicerProject\pinch_n_print_cli_2\target\matched-pair\s1-benchy\benchy-classic-off-pnp-ordinary-m1.stderr.jsonl,complete,,4,1,"{""per_layer"":1,""postpass"":1,""prepass"":1,""validation"":1}",false,0,0,0
benchy-classic-off-pnp-accelerated-m1,s1-benchy,matched-pair,benchy,classic,off,pnp-accelerated,1,false,19.8217,112.5,5.6756,19634.000,121.000,6637.000,11484.000,509.000,18751.000,883.000,187.700,187.700,false,0,D:\slicerProject\pinch_n_print_cli_2\target\matched-pair\s1-benchy\benchy-classic-off-pnp-accelerated-m1.stderr.jsonl,complete,,4,1,"{""per_layer"":1,""postpass"":1,""prepass"":1,""validation"":1}",false,0,0,0
benchy-classic-off-pnp-ordinary-m2,s1-benchy,matched-pair,benchy,classic,off,pnp-ordinary,2,false,21.0457,132.9531,6.3174,20866.000,87.000,6511.000,12773.000,632.000,20003.000,863.000,179.700,179.700,false,0,D:\slicerProject\pinch_n_print_cli_2\target\matched-pair\s1-benchy\benchy-classic-off-pnp-ordinary-m2.stderr.jsonl,complete,,4,1,"{""per_layer"":1,""postpass"":1,""prepass"":1,""validation"":1}",false,0,0,0
benchy-classic-off-pnp-accelerated-m2,s1-benchy,matched-pair,benchy,classic,off,pnp-accelerated,2,false,21.0575,114.375,5.4315,20873.000,87.000,7266.000,11949.000,628.000,19930.000,943.000,184.500,184.500,false,0,D:\slicerProject\pinch_n_print_cli_2\target\matched-pair\s1-benchy\benchy-classic-off-pnp-accelerated-m2.stderr.jsonl,complete,,4,1,"{""per_layer"":1,""postpass"":1,""prepass"":1,""validation"":1}",false,0,0,0
benchy-classic-off-pnp-accelerated-m3,s1-benchy,matched-pair,benchy,classic,off,pnp-accelerated,3,false,22.8769,116.6406,5.0986,22689.000,116.000,7117.000,13887.000,690.000,21810.000,879.000,187.900,187.900,false,0,D:\slicerProject\pinch_n_print_cli_2\target\matched-pair\s1-benchy\benchy-classic-off-pnp-accelerated-m3.stderr.jsonl,complete,,4,1,"{""per_layer"":1,""postpass"":1,""prepass"":1,""validation"":1}",false,0,0,0
benchy-classic-off-pnp-ordinary-m3,s1-benchy,matched-pair,benchy,classic,off,pnp-ordinary,3,false,30.1963,131.2344,4.346,29746.000,196.000,7233.000,19434.000,623.000,27486.000,2260.000,450.300,450.300,false,0,D:\slicerProject\pinch_n_print_cli_2\target\matched-pair\s1-benchy\benchy-classic-off-pnp-ordinary-m3.stderr.jsonl,complete,,4,1,"{""per_layer"":1,""postpass"":1,""prepass"":1,""validation"":1}",false,0,0,0
benchy-arachne-off-pnp-ordinary-w1,s1-benchy,matched-pair,benchy,arachne,off,pnp-ordinary,1,true,19.8222,75.3281,3.8002,19624.000,182.000,7015.000,11296.000,246.000,18739.000,885.000,198.200,198.200,false,0,D:\slicerProject\pinch_n_print_cli_2\target\matched-pair\s1-benchy\benchy-arachne-off-pnp-ordinary-w1.stderr.jsonl,complete,,4,1,"{""per_layer"":1,""postpass"":1,""prepass"":1,""validation"":1}",false,0,0,0
benchy-arachne-off-pnp-accelerated-w1,s1-benchy,matched-pair,benchy,arachne,off,pnp-accelerated,1,true,20.7732,75.9219,3.6548,20592.000,151.000,7166.000,12040.000,259.000,19616.000,976.000,181.200,181.200,false,0,D:\slicerProject\pinch_n_print_cli_2\target\matched-pair\s1-benchy\benchy-arachne-off-pnp-accelerated-w1.stderr.jsonl,complete,,4,1,"{""per_layer"":1,""postpass"":1,""prepass"":1,""validation"":1}",false,0,0,0
benchy-arachne-off-pnp-ordinary-m1,s1-benchy,matched-pair,benchy,arachne,off,pnp-ordinary,1,false,20.4924,75.7969,3.6988,20313.000,147.000,7751.000,11162.000,260.000,19320.000,993.000,179.400,179.400,false,0,D:\slicerProject\pinch_n_print_cli_2\target\matched-pair\s1-benchy\benchy-arachne-off-pnp-ordinary-m1.stderr.jsonl,complete,,4,1,"{""per_layer"":1,""postpass"":1,""prepass"":1,""validation"":1}",false,0,0,0
benchy-arachne-off-pnp-accelerated-m1,s1-benchy,matched-pair,benchy,arachne,off,pnp-accelerated,1,false,19.2702,73.4688,3.8126,19090.000,105.000,7394.000,10360.000,267.000,18126.000,964.000,180.200,180.200,false,0,D:\slicerProject\pinch_n_print_cli_2\target\matched-pair\s1-benchy\benchy-arachne-off-pnp-accelerated-m1.stderr.jsonl,complete,,4,1,"{""per_layer"":1,""postpass"":1,""prepass"":1,""validation"":1}",false,0,0,0
benchy-arachne-off-pnp-ordinary-m2,s1-benchy,matched-pair,benchy,arachne,off,pnp-ordinary,2,false,20.8363,77.6094,3.7247,20665.000,95.000,7524.000,11829.000,259.000,19707.000,958.000,171.300,171.300,false,0,D:\slicerProject\pinch_n_print_cli_2\target\matched-pair\s1-benchy\benchy-arachne-off-pnp-ordinary-m2.stderr.jsonl,complete,,4,1,"{""per_layer"":1,""postpass"":1,""prepass"":1,""validation"":1}",false,0,0,0
benchy-arachne-off-pnp-accelerated-m2,s1-benchy,matched-pair,benchy,arachne,off,pnp-accelerated,2,false,19.7135,75.3438,3.8219,19541.000,145.000,7376.000,10877.000,221.000,18619.000,922.000,172.500,172.500,false,0,D:\slicerProject\pinch_n_print_cli_2\target\matched-pair\s1-benchy\benchy-arachne-off-pnp-accelerated-m2.stderr.jsonl,complete,,4,1,"{""per_layer"":1,""postpass"":1,""prepass"":1,""validation"":1}",false,0,0,0
benchy-arachne-off-pnp-accelerated-m3,s1-benchy,matched-pair,benchy,arachne,off,pnp-accelerated,3,false,18.6237,73.9375,3.9701,18442.000,87.000,6854.000,10232.000,358.000,17531.000,911.000,181.700,181.700,false,0,D:\slicerProject\pinch_n_print_cli_2\target\matched-pair\s1-benchy\benchy-arachne-off-pnp-accelerated-m3.stderr.jsonl,complete,,4,1,"{""per_layer"":1,""postpass"":1,""prepass"":1,""validation"":1}",false,0,0,0
benchy-arachne-off-pnp-ordinary-m3,s1-benchy,matched-pair,benchy,arachne,off,pnp-ordinary,3,false,20.0477,75.7656,3.7793,19882.000,159.000,7342.000,11286.000,221.000,19008.000,874.000,165.700,165.700,false,0,D:\slicerProject\pinch_n_print_cli_2\target\matched-pair\s1-benchy\benchy-arachne-off-pnp-ordinary-m3.stderr.jsonl,complete,,4,1,"{""per_layer"":1,""postpass"":1,""prepass"":1,""validation"":1}",false,0,0,0
benchy-classic-on-pnp-ordinary-w1,s1-benchy,matched-pair,benchy,classic,on,pnp-ordinary,1,true,34.8934,161.1875,4.6194,34690.000,111.000,17238.000,14503.000,1856.000,33708.000,982.000,203.400,203.400,false,0,D:\slicerProject\pinch_n_print_cli_2\target\matched-pair\s1-benchy\benchy-classic-on-pnp-ordinary-w1.stderr.jsonl,complete,,4,1,"{""per_layer"":1,""postpass"":1,""prepass"":1,""validation"":1}",false,0,0,0
benchy-classic-on-pnp-accelerated-w1,s1-benchy,matched-pair,benchy,classic,on,pnp-accelerated,1,true,35.0123,140.2344,4.0053,34798.000,118.000,18163.000,13688.000,1815.000,33784.000,1014.000,214.300,214.300,false,0,D:\slicerProject\pinch_n_print_cli_2\target\matched-pair\s1-benchy\benchy-classic-on-pnp-accelerated-w1.stderr.jsonl,complete,,4,1,"{""per_layer"":1,""postpass"":1,""prepass"":1,""validation"":1}",false,0,0,0
benchy-classic-on-pnp-ordinary-m1,s1-benchy,matched-pair,benchy,classic,on,pnp-ordinary,1,false,34.9175,157.25,4.5035,34296.000,286.000,18040.000,13013.000,1639.000,32978.000,1318.000,621.500,621.500,false,0,D:\slicerProject\pinch_n_print_cli_2\target\matched-pair\s1-benchy\benchy-classic-on-pnp-ordinary-m1.stderr.jsonl,complete,,4,1,"{""per_layer"":1,""postpass"":1,""prepass"":1,""validation"":1}",false,0,0,0
benchy-classic-on-pnp-accelerated-m1,s1-benchy,matched-pair,benchy,classic,on,pnp-accelerated,1,false,32.9799,139.8906,4.2417,32778.000,89.000,16895.000,13003.000,1640.000,31627.000,1151.000,201.900,201.900,false,0,D:\slicerProject\pinch_n_print_cli_2\target\matched-pair\s1-benchy\benchy-classic-on-pnp-accelerated-m1.stderr.jsonl,complete,,4,1,"{""per_layer"":1,""postpass"":1,""prepass"":1,""validation"":1}",false,0,0,0
benchy-classic-on-pnp-ordinary-m2,s1-benchy,matched-pair,benchy,classic,on,pnp-ordinary,2,false,36.7251,160.5,4.3703,35409.000,107.000,18726.000,13329.000,2227.000,34389.000,1020.000,1316.100,1316.100,false,0,D:\slicerProject\pinch_n_print_cli_2\target\matched-pair\s1-benchy\benchy-classic-on-pnp-ordinary-m2.stderr.jsonl,complete,,4,1,"{""per_layer"":1,""postpass"":1,""prepass"":1,""validation"":1}",false,0,0,0
benchy-classic-on-pnp-accelerated-m2,s1-benchy,matched-pair,benchy,classic,on,pnp-accelerated,2,false,33.8756,140.2812,4.1411,33470.000,90.000,17130.000,12925.000,1830.000,31975.000,1495.000,405.600,405.600,false,0,D:\slicerProject\pinch_n_print_cli_2\target\matched-pair\s1-benchy\benchy-classic-on-pnp-accelerated-m2.stderr.jsonl,complete,,4,1,"{""per_layer"":1,""postpass"":1,""prepass"":1,""validation"":1}",false,0,0,0
benchy-classic-on-pnp-accelerated-m3,s1-benchy,matched-pair,benchy,classic,on,pnp-accelerated,3,false,33.713,140.2031,4.1587,33089.000,387.000,18242.000,11727.000,1562.000,31918.000,1171.000,624.000,624.000,false,0,D:\slicerProject\pinch_n_print_cli_2\target\matched-pair\s1-benchy\benchy-classic-on-pnp-accelerated-m3.stderr.jsonl,complete,,4,1,"{""per_layer"":1,""postpass"":1,""prepass"":1,""validation"":1}",false,0,0,0
benchy-classic-on-pnp-ordinary-m3,s1-benchy,matched-pair,benchy,classic,on,pnp-ordinary,3,false,34.8974,157.9844,4.5271,34688.000,198.000,17321.000,13856.000,2015.000,33390.000,1298.000,209.400,209.400,false,0,D:\slicerProject\pinch_n_print_cli_2\target\matched-pair\s1-benchy\benchy-classic-on-pnp-ordinary-m3.stderr.jsonl,complete,,4,1,"{""per_layer"":1,""postpass"":1,""prepass"":1,""validation"":1}",false,0,0,0
benchy-arachne-on-pnp-ordinary-w1,s1-benchy,matched-pair,benchy,arachne,on,pnp-ordinary,1,true,32.704,104.2656,3.1882,32296.000,108.000,17786.000,11131.000,1651.000,30676.000,1620.000,408.000,408.000,false,0,D:\slicerProject\pinch_n_print_cli_2\target\matched-pair\s1-benchy\benchy-arachne-on-pnp-ordinary-w1.stderr.jsonl,complete,,4,1,"{""per_layer"":1,""postpass"":1,""prepass"":1,""validation"":1}",false,0,0,0
benchy-arachne-on-pnp-accelerated-w1,s1-benchy,matched-pair,benchy,arachne,on,pnp-accelerated,1,true,30.7267,99.9375,3.2525,30507.000,115.000,17419.000,10479.000,1550.000,29563.000,944.000,219.700,219.700,false,0,D:\slicerProject\pinch_n_print_cli_2\target\matched-pair\s1-benchy\benchy-arachne-on-pnp-accelerated-w1.stderr.jsonl,complete,,4,1,"{""per_layer"":1,""postpass"":1,""prepass"":1,""validation"":1}",false,0,0,0
benchy-arachne-on-pnp-ordinary-m1,s1-benchy,matched-pair,benchy,arachne,on,pnp-ordinary,1,false,33.2415,102.6406,3.0877,33039.000,90.000,18101.000,11647.000,2165.000,32003.000,1036.000,202.500,202.500,false,0,D:\slicerProject\pinch_n_print_cli_2\target\matched-pair\s1-benchy\benchy-arachne-on-pnp-ordinary-m1.stderr.jsonl,complete,,4,1,"{""per_layer"":1,""postpass"":1,""prepass"":1,""validation"":1}",false,0,0,0
benchy-arachne-on-pnp-accelerated-m1,s1-benchy,matched-pair,benchy,arachne,on,pnp-accelerated,1,false,35.1936,103.1875,2.932,34954.000,215.000,19397.000,11565.000,2208.000,33385.000,1569.000,239.600,239.600,false,0,D:\slicerProject\pinch_n_print_cli_2\target\matched-pair\s1-benchy\benchy-arachne-on-pnp-accelerated-m1.stderr.jsonl,complete,,4,1,"{""per_layer"":1,""postpass"":1,""prepass"":1,""validation"":1}",false,0,0,0
benchy-arachne-on-pnp-ordinary-m2,s1-benchy,matched-pair,benchy,arachne,on,pnp-ordinary,2,false,53.99,105.9844,1.963,53752.000,172.000,33915.000,16179.000,1735.000,52001.000,1751.000,238.000,238.000,false,0,D:\slicerProject\pinch_n_print_cli_2\target\matched-pair\s1-benchy\benchy-arachne-on-pnp-ordinary-m2.stderr.jsonl,complete,,4,1,"{""per_layer"":1,""postpass"":1,""prepass"":1,""validation"":1}",false,0,0,0
benchy-arachne-on-pnp-accelerated-m2,s1-benchy,matched-pair,benchy,arachne,on,pnp-accelerated,2,false,31.0371,100.9062,3.2511,30823.000,115.000,17328.000,10941.000,1405.000,29789.000,1034.000,214.100,214.100,false,0,D:\slicerProject\pinch_n_print_cli_2\target\matched-pair\s1-benchy\benchy-arachne-on-pnp-accelerated-m2.stderr.jsonl,complete,,4,1,"{""per_layer"":1,""postpass"":1,""prepass"":1,""validation"":1}",false,0,0,0
benchy-arachne-on-pnp-accelerated-m3,s1-benchy,matched-pair,benchy,arachne,on,pnp-accelerated,3,false,31.3947,100.9062,3.2141,31156.000,145.000,17819.000,10804.000,1311.000,30079.000,1077.000,238.700,238.700,false,0,D:\slicerProject\pinch_n_print_cli_2\target\matched-pair\s1-benchy\benchy-arachne-on-pnp-accelerated-m3.stderr.jsonl,complete,,4,1,"{""per_layer"":1,""postpass"":1,""prepass"":1,""validation"":1}",false,0,0,0
benchy-arachne-on-pnp-ordinary-m3,s1-benchy,matched-pair,benchy,arachne,on,pnp-ordinary,3,false,30.6057,101.8594,3.3281,30403.000,89.000,17413.000,10566.000,1354.000,29422.000,981.000,202.700,202.700,false,0,D:\slicerProject\pinch_n_print_cli_2\target\matched-pair\s1-benchy\benchy-arachne-on-pnp-ordinary-m3.stderr.jsonl,complete,,4,1,"{""per_layer"":1,""postpass"":1,""prepass"":1,""validation"":1}",false,0,0,0
base-classic-off-pnp-ordinary-w1,s2-base,supports-off/untainted,base,classic,off,pnp-ordinary,1,true,223.5501,1928.2188,8.6254,221896.000,94.000,115139.000,103580.000,2061.000,220874.000,1022.000,1654.100,1654.100,false,0,D:\slicerProject\pinch_n_print_cli_2\target\matched-pair\s2-base\base-classic-off-pnp-ordinary-w1.stderr.jsonl,complete,,4,1,"{""per_layer"":1,""postpass"":1,""prepass"":1,""validation"":1}",false,0,0,0
base-classic-off-pnp-accelerated-w1,s2-base,supports-off/untainted,base,classic,off,pnp-accelerated,1,true,192.604,1516.7812,7.8751,190977.000,89.000,114332.000,73456.000,2095.000,189972.000,1005.000,1627.000,1627.000,false,0,D:\slicerProject\pinch_n_print_cli_2\target\matched-pair\s2-base\base-classic-off-pnp-accelerated-w1.stderr.jsonl,complete,,4,1,"{""per_layer"":1,""postpass"":1,""prepass"":1,""validation"":1}",false,0,0,0
base-classic-off-pnp-ordinary-m1,s2-base,supports-off/untainted,base,classic,off,pnp-ordinary,1,false,251.8201,1921.8125,7.6317,249954.000,110.000,126382.000,120370.000,2102.000,248964.000,990.000,1866.100,1866.100,false,0,D:\slicerProject\pinch_n_print_cli_2\target\matched-pair\s2-base\base-classic-off-pnp-ordinary-m1.stderr.jsonl,complete,,4,1,"{""per_layer"":1,""postpass"":1,""prepass"":1,""validation"":1}",false,0,0,0
base-classic-off-pnp-accelerated-m1,s2-base,supports-off/untainted,base,classic,off,pnp-accelerated,1,false,212.8699,1546.7812,7.2663,210758.000,171.000,130597.000,76509.000,2339.000,209616.000,1142.000,2111.900,2111.900,false,0,D:\slicerProject\pinch_n_print_cli_2\target\matched-pair\s2-base\base-classic-off-pnp-accelerated-m1.stderr.jsonl,complete,,4,1,"{""per_layer"":1,""postpass"":1,""prepass"":1,""validation"":1}",false,0,0,0
base-classic-off-pnp-ordinary-m2,s2-base,supports-off/untainted,base,classic,off,pnp-ordinary,2,false,247.4869,1942.3281,7.8482,245167.000,142.000,124115.000,116158.000,3263.000,243678.000,1489.000,2319.900,2319.900,false,0,D:\slicerProject\pinch_n_print_cli_2\target\matched-pair\s2-base\base-classic-off-pnp-ordinary-m2.stderr.jsonl,complete,,4,1,"{""per_layer"":1,""postpass"":1,""prepass"":1,""validation"":1}",false,0,0,0
base-classic-off-pnp-accelerated-m2,s2-base,supports-off/untainted,base,classic,off,pnp-accelerated,2,false,214.2186,1520.2344,7.0967,211718.000,132.000,130292.000,77282.000,2324.000,210030.000,1688.000,2500.600,2500.600,false,0,D:\slicerProject\pinch_n_print_cli_2\target\matched-pair\s2-base\base-classic-off-pnp-accelerated-m2.stderr.jsonl,complete,,4,1,"{""per_layer"":1,""postpass"":1,""prepass"":1,""validation"":1}",false,0,0,0
base-classic-off-pnp-accelerated-m3,s2-base,supports-off/untainted,base,classic,off,pnp-accelerated,3,false,202.6212,1512.7969,7.4661,200487.000,158.000,122808.000,73981.000,2495.000,199442.000,1045.000,2134.200,2134.200,false,0,D:\slicerProject\pinch_n_print_cli_2\target\matched-pair\s2-base\base-classic-off-pnp-accelerated-m3.stderr.jsonl,complete,,4,1,"{""per_layer"":1,""postpass"":1,""prepass"":1,""validation"":1}",false,0,0,0
base-classic-off-pnp-ordinary-m3,s2-base,supports-off/untainted,base,classic,off,pnp-ordinary,3,false,251.3431,1919.1562,7.6356,243950.000,222.000,125426.000,113917.000,2083.000,241648.000,2302.000,7393.100,7393.100,false,0,D:\slicerProject\pinch_n_print_cli_2\target\matched-pair\s2-base\base-classic-off-pnp-ordinary-m3.stderr.jsonl,complete,,4,1,"{""per_layer"":1,""postpass"":1,""prepass"":1,""validation"":1}",false,0,0,0
base-arachne-off-pnp-ordinary-w1,s2-base,supports-off/untainted,base,arachne,off,pnp-ordinary,1,true,136.8907,976.4062,7.1327,135201.000,116.000,114294.000,18836.000,1010.000,134256.000,945.000,1689.700,1689.700,false,0,D:\slicerProject\pinch_n_print_cli_2\target\matched-pair\s2-base\base-arachne-off-pnp-ordinary-w1.stderr.jsonl,complete,,4,1,"{""per_layer"":1,""postpass"":1,""prepass"":1,""validation"":1}",false,0,0,0
base-arachne-off-pnp-accelerated-w1,s2-base,supports-off/untainted,base,arachne,off,pnp-accelerated,1,true,149.8402,963.2031,6.4282,148077.000,112.000,126763.000,18830.000,1339.000,147044.000,1033.000,1763.200,1763.200,false,0,D:\slicerProject\pinch_n_print_cli_2\target\matched-pair\s2-base\base-arachne-off-pnp-accelerated-w1.stderr.jsonl,complete,,4,1,"{""per_layer"":1,""postpass"":1,""prepass"":1,""validation"":1}",false,0,0,0
base-arachne-off-pnp-ordinary-m1,s2-base,supports-off/untainted,base,arachne,off,pnp-ordinary,1,false,161.5457,1017.4062,6.2979,159571.000,139.000,136729.000,20418.000,1249.000,158535.000,1036.000,1974.700,1974.700,false,0,D:\slicerProject\pinch_n_print_cli_2\target\matched-pair\s2-base\base-arachne-off-pnp-ordinary-m1.stderr.jsonl,complete,,4,1,"{""per_layer"":1,""postpass"":1,""prepass"":1,""validation"":1}",false,0,0,0
base-arachne-off-pnp-accelerated-m1,s2-base,supports-off/untainted,base,arachne,off,pnp-accelerated,1,false,450.096,983.7188,2.1856,448061.000,166.000,366011.000,74575.000,6004.000,446756.000,1305.000,2035.000,2035.000,false,0,D:\slicerProject\pinch_n_print_cli_2\target\matched-pair\s2-base\base-arachne-off-pnp-accelerated-m1.stderr.jsonl,complete,,4,1,"{""per_layer"":1,""postpass"":1,""prepass"":1,""validation"":1}",false,0,0,0
base-arachne-off-pnp-ordinary-m2,s2-base,supports-off/untainted,base,arachne,off,pnp-ordinary,2,false,184.7961,1025.6875,5.5504,181154.000,116.000,158435.000,18528.000,945.000,178024.000,3130.000,3642.100,3642.100,false,0,D:\slicerProject\pinch_n_print_cli_2\target\matched-pair\s2-base\base-arachne-off-pnp-ordinary-m2.stderr.jsonl,complete,,4,1,"{""per_layer"":1,""postpass"":1,""prepass"":1,""validation"":1}",false,0,0,0
base-arachne-off-pnp-accelerated-m2,s2-base,supports-off/untainted,base,arachne,off,pnp-accelerated,2,false,134.4866,947.1562,7.0428,132713.000,87.000,115139.000,15317.000,1188.000,131731.000,982.000,1773.600,1773.600,false,0,D:\slicerProject\pinch_n_print_cli_2\target\matched-pair\s2-base\base-arachne-off-pnp-accelerated-m2.stderr.jsonl,complete,,4,1,"{""per_layer"":1,""postpass"":1,""prepass"":1,""validation"":1}",false,0,0,0
base-arachne-off-pnp-accelerated-m3,s2-base,supports-off/untainted,base,arachne,off,pnp-accelerated,3,false,137.1659,943,6.8749,135555.000,91.000,118643.000,14660.000,1185.000,134579.000,976.000,1610.900,1610.900,false,0,D:\slicerProject\pinch_n_print_cli_2\target\matched-pair\s2-base\base-arachne-off-pnp-accelerated-m3.stderr.jsonl,complete,,4,1,"{""per_layer"":1,""postpass"":1,""prepass"":1,""validation"":1}",false,0,0,0
base-arachne-off-pnp-ordinary-m3,s2-base,supports-off/untainted,base,arachne,off,pnp-ordinary,3,false,146.2586,981.8281,6.713,144654.000,98.000,123776.000,18658.000,1175.000,143707.000,947.000,1604.600,1604.600,false,0,D:\slicerProject\pinch_n_print_cli_2\target\matched-pair\s2-base\base-arachne-off-pnp-ordinary-m3.stderr.jsonl,complete,,4,1,"{""per_layer"":1,""postpass"":1,""prepass"":1,""validation"":1}",false,0,0,0
base-classic-on-pnp-ordinary-w1,s2-base,pre-repair (degraded=true expected),base,classic,on,pnp-ordinary,1,true,583.4963,2391.8281,4.0991,581422.000,99.000,368405.000,141319.000,27707.000,537530.000,43892.000,2074.300,2074.300,true,172181,D:\slicerProject\pinch_n_print_cli_2\target\matched-pair\s2-base\base-classic-on-pnp-ordinary-w1.stderr.jsonl,complete,,4,1,"{""per_layer"":1,""postpass"":1,""prepass"":1,""validation"":1}",true,0,172181,0
base-classic-on-pnp-accelerated-w1,s2-base,pre-repair (degraded=true expected),base,classic,on,pnp-accelerated,1,true,560.942,2030.3125,3.6195,558622.000,97.000,403635.000,87700.000,25810.000,517242.000,41380.000,2320.000,2320.000,true,172181,D:\slicerProject\pinch_n_print_cli_2\target\matched-pair\s2-base\base-classic-on-pnp-accelerated-w1.stderr.jsonl,complete,,4,1,"{""per_layer"":1,""postpass"":1,""prepass"":1,""validation"":1}",true,0,172181,0
base-classic-on-pnp-ordinary-m1,s2-base,pre-repair (degraded=true expected),base,classic,on,pnp-ordinary,1,false,596.8271,2400.2969,4.0218,594999.000,91.000,367403.000,157305.000,32168.000,556967.000,38032.000,1828.100,1828.100,true,172181,D:\slicerProject\pinch_n_print_cli_2\target\matched-pair\s2-base\base-classic-on-pnp-ordinary-m1.stderr.jsonl,complete,,4,1,"{""per_layer"":1,""postpass"":1,""prepass"":1,""validation"":1}",true,0,172181,0
base-classic-on-pnp-accelerated-m1,s2-base,pre-repair (degraded=true expected),base,classic,on,pnp-accelerated,1,false,502.3508,2006.7188,3.9947,500412.000,103.000,367203.000,74214.000,24782.000,466302.000,34110.000,1938.800,1938.800,true,172181,D:\slicerProject\pinch_n_print_cli_2\target\matched-pair\s2-base\base-classic-on-pnp-accelerated-m1.stderr.jsonl,complete,,4,1,"{""per_layer"":1,""postpass"":1,""prepass"":1,""validation"":1}",true,0,172181,0
base-classic-on-pnp-ordinary-m2,s2-base,pre-repair (degraded=true expected),base,classic,on,pnp-ordinary,2,false,577.9615,2412.1562,4.1736,576125.000,111.000,389175.000,121599.000,26788.000,537673.000,38452.000,1836.500,1836.500,true,172181,D:\slicerProject\pinch_n_print_cli_2\target\matched-pair\s2-base\base-classic-on-pnp-ordinary-m2.stderr.jsonl,complete,,4,1,"{""per_layer"":1,""postpass"":1,""prepass"":1,""validation"":1}",true,0,172181,0
base-classic-on-pnp-accelerated-m2,s2-base,pre-repair (degraded=true expected),base,classic,on,pnp-accelerated,2,false,532.3824,2018.8281,3.7921,529879.000,98.000,380581.000,76748.000,28706.000,486133.000,43746.000,2503.400,2503.400,true,172181,D:\slicerProject\pinch_n_print_cli_2\target\matched-pair\s2-base\base-classic-on-pnp-accelerated-m2.stderr.jsonl,complete,,4,1,"{""per_layer"":1,""postpass"":1,""prepass"":1,""validation"":1}",true,0,172181,0
base-classic-on-pnp-accelerated-m3,s2-base,pre-repair (degraded=true expected),base,classic,on,pnp-accelerated,3,false,521.5731,2022.7969,3.8783,518940.000,120.000,375014.000,76603.000,25575.000,477312.000,41628.000,2633.100,2633.100,true,172181,D:\slicerProject\pinch_n_print_cli_2\target\matched-pair\s2-base\base-classic-on-pnp-accelerated-m3.stderr.jsonl,complete,,4,1,"{""per_layer"":1,""postpass"":1,""prepass"":1,""validation"":1}",true,0,172181,0
base-classic-on-pnp-ordinary-m3,s2-base,pre-repair (degraded=true expected),base,classic,on,pnp-ordinary,3,false,543.3696,2415.2188,4.4449,541454.000,92.000,363545.000,117206.000,25024.000,505867.000,35587.000,1915.600,1915.600,true,172181,D:\slicerProject\pinch_n_print_cli_2\target\matched-pair\s2-base\base-classic-on-pnp-ordinary-m3.stderr.jsonl,complete,,4,1,"{""per_layer"":1,""postpass"":1,""prepass"":1,""validation"":1}",true,0,172181,0
base-arachne-on-pnp-ordinary-w1,s2-base,pre-repair (degraded=true expected),base,arachne,on,pnp-ordinary,1,true,461.2712,1481.9844,3.2128,459166.000,84.000,371077.000,28085.000,23723.000,422969.000,36197.000,2105.200,2105.200,true,172181,D:\slicerProject\pinch_n_print_cli_2\target\matched-pair\s2-base\base-arachne-on-pnp-ordinary-w1.stderr.jsonl,complete,,4,1,"{""per_layer"":1,""postpass"":1,""prepass"":1,""validation"":1}",true,0,172181,0
base-arachne-on-pnp-accelerated-w1,s2-base,pre-repair (degraded=true expected),base,arachne,on,pnp-accelerated,1,true,474.5955,1454.7188,3.0652,472571.000,84.000,378222.000,30133.000,27750.000,436189.000,36382.000,2024.500,2024.500,true,172181,D:\slicerProject\pinch_n_print_cli_2\target\matched-pair\s2-base\base-arachne-on-pnp-accelerated-w1.stderr.jsonl,complete,,4,1,"{""per_layer"":1,""postpass"":1,""prepass"":1,""validation"":1}",true,0,172181,0
base-arachne-on-pnp-ordinary-m1,s2-base,pre-repair (degraded=true expected),base,arachne,on,pnp-ordinary,1,false,460.7149,1479.8125,3.212,458731.000,86.000,369782.000,28125.000,24132.000,422125.000,36606.000,1983.900,1983.900,true,172181,D:\slicerProject\pinch_n_print_cli_2\target\matched-pair\s2-base\base-arachne-on-pnp-ordinary-m1.stderr.jsonl,complete,,4,1,"{""per_layer"":1,""postpass"":1,""prepass"":1,""validation"":1}",true,0,172181,0
base-arachne-on-pnp-accelerated-m1,s2-base,pre-repair (degraded=true expected),base,arachne,on,pnp-accelerated,1,false,465.5011,1457.3906,3.1308,463472.000,107.000,378858.000,24577.000,24067.000,427609.000,35863.000,2029.100,2029.100,true,172181,D:\slicerProject\pinch_n_print_cli_2\target\matched-pair\s2-base\base-arachne-on-pnp-accelerated-m1.stderr.jsonl,complete,,4,1,"{""per_layer"":1,""postpass"":1,""prepass"":1,""validation"":1}",true,0,172181,0
base-arachne-on-pnp-ordinary-m2,s2-base,pre-repair (degraded=true expected),base,arachne,on,pnp-ordinary,2,false,467.4,1483.7344,3.1744,465059.000,85.000,373478.000,28345.000,26257.000,428165.000,36894.000,2341.000,2341.000,true,172181,D:\slicerProject\pinch_n_print_cli_2\target\matched-pair\s2-base\base-arachne-on-pnp-ordinary-m2.stderr.jsonl,complete,,4,1,"{""per_layer"":1,""postpass"":1,""prepass"":1,""validation"":1}",true,0,172181,0
base-arachne-on-pnp-accelerated-m2,s2-base,pre-repair (degraded=true expected),base,arachne,on,pnp-accelerated,2,false,443.8147,1435.7812,3.2351,441887.000,89.000,360666.000,23746.000,23503.000,408004.000,33883.000,1927.700,1927.700,true,172181,D:\slicerProject\pinch_n_print_cli_2\target\matched-pair\s2-base\base-arachne-on-pnp-accelerated-m2.stderr.jsonl,complete,,4,1,"{""per_layer"":1,""postpass"":1,""prepass"":1,""validation"":1}",true,0,172181,0
base-arachne-on-pnp-accelerated-m3,s2-base,pre-repair (degraded=true expected),base,arachne,on,pnp-accelerated,3,false,455.9292,1435.5625,3.1487,453906.000,84.000,369187.000,23575.000,24931.000,417777.000,36129.000,2023.200,2023.200,true,172181,D:\slicerProject\pinch_n_print_cli_2\target\matched-pair\s2-base\base-arachne-on-pnp-accelerated-m3.stderr.jsonl,complete,,4,1,"{""per_layer"":1,""postpass"":1,""prepass"":1,""validation"":1}",true,0,172181,0
base-arachne-on-pnp-ordinary-m3,s2-base,pre-repair (degraded=true expected),base,arachne,on,pnp-ordinary,3,false,458.1437,1476.1094,3.2219,456252.000,86.000,369630.000,27308.000,24545.000,421569.000,34683.000,1891.700,1891.700,true,172181,D:\slicerProject\pinch_n_print_cli_2\target\matched-pair\s2-base\base-arachne-on-pnp-ordinary-m3.stderr.jsonl,complete,,4,1,"{""per_layer"":1,""postpass"":1,""prepass"":1,""validation"":1}",true,0,172181,0
base-classic-on-pnp-ordinary-m1,dev174-before,pre-repair,base,classic,on,pnp-ordinary,1,false,538.6113,2412.3594,4.4789,536760.000,182.000,367176.000,111090.000,24330.000,502778.000,33982.000,1851.300,1851.300,true,172181,D:\slicerProject\pinch_n_print_cli_2\target\matched-pair\dev174-before\base-classic-on-pnp-ordinary-m1.stderr.jsonl,complete,,4,1,"{""per_layer"":1,""postpass"":1,""prepass"":1,""validation"":1}",true,0,172181,0
base-classic-on-pnp-accelerated-m1,dev174-before,pre-repair,base,classic,on,pnp-accelerated,1,false,500.5508,2001.5,3.9986,498570.000,105.000,361728.000,75798.000,26133.000,463764.000,34806.000,1980.800,1980.800,true,172181,D:\slicerProject\pinch_n_print_cli_2\target\matched-pair\dev174-before\base-classic-on-pnp-accelerated-m1.stderr.jsonl,complete,,4,1,"{""per_layer"":1,""postpass"":1,""prepass"":1,""validation"":1}",true,0,172181,0
base-classic-on-pnp-ordinary-m1,dev174-after,post-repair (degraded=false expected),base,classic,on,pnp-ordinary,1,false,791.7057,2540.4375,3.2088,788305.000,189.000,517385.000,139298.000,113650.000,770522.000,17783.000,3400.700,3400.700,false,0,D:\slicerProject\pinch_n_print_cli_2\target\matched-pair\dev174-after\base-classic-on-pnp-ordinary-m1.stderr.jsonl,complete,,4,1,"{""per_layer"":1,""postpass"":1,""prepass"":1,""validation"":1}",false,0,0,0
base-classic-on-pnp-accelerated-m1,dev174-after,post-repair (degraded=false expected),base,classic,on,pnp-accelerated,1,false,805.502,2119.0781,2.6308,800446.000,111.000,653891.000,92163.000,44943.000,791108.000,9338.000,5056.000,5056.000,false,0,D:\slicerProject\pinch_n_print_cli_2\target\matched-pair\dev174-after\base-classic-on-pnp-accelerated-m1.stderr.jsonl,complete,,4,1,"{""per_layer"":1,""postpass"":1,""prepass"":1,""validation"":1}",false,0,0,0
base-arachne-on-pnp-ordinary-m1,dev174-after,post-repair (degraded=false expected),base,arachne,on,pnp-ordinary,1,false,466.9523,1530.4844,3.2776,464516.000,88.000,382626.000,28230.000,44845.000,455789.000,8727.000,2436.300,2436.300,false,0,D:\slicerProject\pinch_n_print_cli_2\target\matched-pair\dev174-after\base-arachne-on-pnp-ordinary-m1.stderr.jsonl,complete,,4,1,"{""per_layer"":1,""postpass"":1,""prepass"":1,""validation"":1}",false,0,0,0
base-arachne-on-pnp-accelerated-m1,dev174-after,post-repair (degraded=false expected),base,arachne,on,pnp-accelerated,1,false,474.4035,1507.2656,3.1772,469983.000,121.000,387187.000,27697.000,45582.000,460587.000,9396.000,4420.500,4420.500,false,0,D:\slicerProject\pinch_n_print_cli_2\target\matched-pair\dev174-after\base-arachne-on-pnp-accelerated-m1.stderr.jsonl,complete,,4,1,"{""per_layer"":1,""postpass"":1,""prepass"":1,""validation"":1}",false,0,0,0
