layer,classic_segments,arachne_segments,classic_xy_mm,arachne_xy_mm,classic_bytes,arachne_bytes
1,25,48,15.149,24.182,1225,2162
2,237,239,119.519,122.427,9877,9961
3,361,388,246.018,265.335,14923,15959
4,313,325,244.176,248.948,12304,12806
5,244,264,236.812,256.106,10188,10985
6,256,269,250.537,267.314,10698,11131
7,338,347,269.446,279.223,13966,14347
8,418,440,287.946,301.998,17281,18146
9,418,438,294.975,305.604,16477,17284
10,438,461,280.406,298.214,18182,18985
11,372,383,284.819,292.376,15383,15841
12,292,302,288.854,298.985,12168,12579
13,403,410,315.606,321.257,16496,16789
14,490,506,326.421,335.979,19209,19811
15,419,435,378.533,388.453,17300,17907
16,514,527,340.112,353.135,21211,21702
17,426,447,335.881,345.003,17610,18466
18,338,342,335.988,342.012,14024,14181
19,445,452,341.469,347.606,17498,17780
20,558,566,356.925,362.884,23016,23322
21,566,580,388.760,400.664,23325,23873
22,574,599,395.510,415.826,23633,24587
23,582,593,380.427,387.613,23901,24390
24,479,497,375.362,387.283,18724,19408
25,377,395,372.826,391.748,15663,16285
26,514,528,396.338,406.998,21117,21722
27,647,667,425.409,440.498,26542,27324
28,668,677,504.323,511.756,27433,27771
29,658,677,426.928,437.559,25621,26342
30,531,544,409.046,417.130,21809,22327
31,408,421,400.721,403.879,16981,17532
32,515,540,389.096,404.702,21298,22263
33,634,663,413.804,424.879,26123,27283
34,645,673,453.612,467.334,25274,26355
35,673,684,452.802,460.914,27742,28220
36,643,668,428.662,438.164,26526,27520
37,560,573,421.883,440.784,23181,23593
38,440,448,432.102,437.195,18218,18533
39,655,681,477.800,491.437,26658,27736
40,634,685,418.123,438.012,26547,29014
41,411,510,367.860,421.344,17426,21565
42,281,301,189.027,213.304,11810,12688
43,224,245,176.316,198.882,9403,10384
44,159,201,149.527,223.023,6439,8097
45,212,271,159.531,251.517,9019,11458
46,272,317,177.545,227.493,11482,13367
47,258,339,190.115,282.389,10817,14303
48,256,327,180.766,253.157,10709,13702
49,230,278,183.983,237.365,9539,11420
50,185,217,171.967,210.902,7968,9343
51,166,202,154.924,193.267,7121,8677
52,213,235,164.089,192.232,9201,10107
53,272,294,182.699,202.769,11693,12607
54,253,289,184.728,210.654,10334,11624
55,264,300,176.525,222.176,11330,12784
56,224,235,177.253,188.255,9613,10004
57,170,186,165.937,177.496,7426,8105
58,216,243,173.122,195.681,9331,10492
59,291,303,184.324,204.666,11872,12392
60,237,252,197.970,210.241,10263,10894
61,274,293,181.409,212.855,11700,12475
62,244,250,182.010,207.893,10492,10689
63,187,201,175.603,201.764,8068,8663
64,223,246,170.638,197.403,9132,10039
65,260,293,178.689,208.713,11116,12526
66,285,328,194.401,235.887,12152,13969
67,305,336,211.779,234.737,13007,14255
68,277,320,183.835,217.652,11810,13616
69,247,270,201.048,218.899,10062,11005
70,185,200,182.223,196.025,8002,8658
71,243,254,179.742,195.698,10467,10896
72,294,315,192.493,205.449,12516,13424
73,283,311,207.828,234.197,12116,13323
74,427,468,280.510,318.013,17459,19191
75,324,385,247.334,296.025,14015,16546
76,239,274,225.054,247.341,10377,12023
77,249,291,189.789,230.301,10752,12667
78,295,318,192.951,222.624,12659,13727
79,276,325,189.022,224.953,11236,13309
80,267,293,183.167,198.183,11366,12539
81,230,258,150.204,170.449,9838,11057
82,194,205,140.888,156.907,8289,8871
83,162,167,136.964,150.542,6978,7278
84,170,190,130.614,145.417,6980,7945
85,164,205,108.130,144.464,7113,8931
86,144,175,112.661,137.987,6281,7641
87,153,193,100.332,128.174,6598,8342
88,115,139,84.112,100.041,5070,6076
89,89,105,78.279,88.180,3708,4424
90,110,129,74.874,90.982,4771,5576
91,117,157,73.541,99.714,5127,6826
92,117,137,72.936,89.080,5028,5888
93,149,171,84.132,109.516,6532,7481
94,119,148,72.760,97.634,5026,6233
95,91,110,67.821,88.068,4040,4898
96,97,100,69.559,83.862,4252,4449
97,106,117,70.162,82.975,4664,5183
98,103,146,61.503,98.303,4499,6480
99,102,144,65.955,99.987,4387,6019
100,44,83,25.435,48.950,1995,3678
101,21,30,19.262,31.078,1051,1343
102,2,12,1.740,9.340,137,638
103,7,18,10.692,20.674,429,923
104,2562,1,1741.164,1.701,103756,176
105,2610,15,1924.660,22.877,111022,796
106,2741,15,1802.338,15.336,116557,799
107,2171,12,1694.193,6.857,92722,702
108,1644,8,1638.806,10.181,70697,504
109,3,9,2.238,6.528,171,556
110,3,12,2.011,8.259,178,701
111,2791,29,1906.069,18.759,118830,1444
112,0,9,0.000,6.533,0,601
113,13,41,15.151,33.069,684,2026
114,5,16,2.875,8.755,248,716
115,1407,10,1385.538,13.835,60318,591
116,5,13,10.688,15.170,347,714
117,9,13,12.286,13.513,514,682
118,9,30,10.747,32.479,512,1427
119,4,20,2.567,19.100,296,927
120,4,11,1.978,7.154,302,596
121,4,3,2.484,1.804,305,264
123,1921,3,1215.484,2.197,81986,263
124,1921,10,1305.372,6.473,78043,594
125,1774,3,1257.625,1.876,75704,263
126,1713,6,1141.590,3.749,73147,423
127,1370,3,1088.087,1.899,58826,264
128,1051,5,1046.662,3.940,45486,381
129,1334,3,1050.114,1.853,54565,254
130,1565,4,1071.891,2.120,66928,306
131,1925,2,1455.367,1.669,82252,222
132,1471,5,960.229,2.464,62846,347
133,1144,3,879.751,1.826,49173,264
134,729,7,718.734,5.573,30071,444
135,948,5,724.804,3.885,40762,379
136,3,4,1.625,1.894,262,302
137,1186,1259,826.903,893.171,50675,53805
138,1220,1291,863.592,893.751,52245,55173
139,1192,2,806.043,1.676,48583,213
140,996,1,782.883,1.665,42840,178
141,811,3,782.838,3.343,35151,296
142,2,2,1.645,1.649,221,220
143,1230,4,854.637,2.238,52674,304
144,1004,2,900.903,1.695,41064,215
145,1238,3,825.365,1.863,52934,263
146,1006,1060,791.024,813.315,43257,45482
147,766,823,781.655,803.871,33223,35584
148,1014,1084,796.460,842.480,43574,46558
149,1292,5,836.649,2.967,52520,334
150,1309,4,932.798,3.155,55895,301
151,1353,11,953.997,6.486,57831,627
152,1132,11,902.041,6.821,48554,662
153,895,5,886.203,3.653,38699,379
154,916,2,917.763,1.748,37710,215
155,1205,2,957.127,1.697,51684,221
156,1499,3,1039.076,1.856,63975,262
157,2,3,1.634,2.219,220,263
158,0,21,0.000,14.750,0,1077
159,5,7,3.904,4.485,384,379
160,0,3,0.000,2.436,0,177
161,3,2,1.889,1.786,178,137
162,1210,4,777.330,2.100,51127,305
163,986,20,874.782,17.127,41833,1009
164,1211,33,838.802,45.400,48722,1483
165,985,11,790.219,9.624,41809,631
166,1,10,1.748,11.745,179,557
167,979,11,773.750,12.224,41526,597
168,1196,4,799.729,2.376,50534,301
169,1220,1272,860.898,871.316,49120,51170
171,0,5,0.000,2.245,0,263
172,0,11,0.000,11.305,0,546
173,6,15,10.965,33.774,388,799
174,7,19,10.907,35.272,414,918
175,15,30,13.157,38.552,795,1425
176,20,35,16.286,40.540,1003,1636
177,23,32,24.001,30.064,1096,1474
178,11,37,13.741,25.630,597,1715
179,9,26,13.182,25.475,493,1200
180,9,33,12.346,40.671,514,1512
181,7,13,10.555,14.101,427,677
182,1337,27,918.090,46.438,56401,1269
183,78,94,64.357,78.799,3576,4230
184,112,119,91.260,90.965,4621,5059
185,116,123,96.566,104.314,5171,5456
186,183,179,163.132,173.670,7884,7681
187,230,227,169.790,179.797,9829,9680
188,295,293,188.426,199.286,12470,12359
189,312,326,280.155,292.190,12528,13092
190,224,217,146.886,146.196,9475,9212
191,144,163,115.744,138.776,6104,6855
192,174,205,163.539,193.549,7471,8856
193,242,241,180.898,188.004,10348,10302
194,217,234,150.222,157.335,8880,9553
195,170,170,118.933,125.300,7315,7250
196,86,102,57.066,64.003,3747,4478
197,45,50,33.462,39.729,2037,2196
198,5,12,11.717,22.850,263,584
225,674,298,515.290,225.213,29078,12823
226,596,363,379.780,233.823,25528,15569
227,567,371,392.792,253.167,24311,15895
228,366,4,252.093,1.759,15692,305
229,862,363,580.959,256.509,35123,14830
230,298,299,222.658,247.663,12852,12906
231,423,232,428.713,246.348,18363,10123
232,301,302,225.911,251.075,12971,13041
233,579,366,380.617,264.096,24822,15704
234,355,4,273.848,2.094,14503,294
235,843,365,573.225,241.485,36143,15662
236,464,305,356.887,229.050,20014,13153
237,627,4,660.887,3.100,27334,305
